,text,label,row_number
0,"DRM is doubleplus good for business, Congress advised The Budget Office and the case of the disappearing public interest",3,186
1,"Bomb at India Independence Parade Kills 15 (AP) AP - A bomb exploded during an Independence Day parade in India's remote northeast Sunday, killing at least 15 people, including schoolchildren, while a rocket attack during a celebration at a school in the separatist region of Kashmir injured 17, officials said.",0,499
2,Survival of software's fittest Darwin may work in the flat enterprise software market--mergers and acquisitions are expected to increase the clout of leading firms.,3,812
3,Aid agencies rethink strategy A new report urges humanitarian groups to maintain a local presence in disaster-prone areas.,0,1125
4,"Google IPO Auction to End Tonight Google IPO Auction to End Tonight\\Google has requested that the U.S. Securities and Exchange Commission (SEC) declare the Google IPO registration statement effective at 4:00 p.m. Eastern Daylight Time on Tuesday, according to the Google IPO page: www.ipo.google.com. After an IPO registration statement is declared effective, the stock can be ...",3,1438
5,"Microsoft Delays SP2 Auto Update For Enterprises Although Monday was to be the day when Microsoft began pushing Windows XP Service Pack 2 (SP2) to enterprises, it changed its mind at the last minute and delayed the automatic updating for more than a week. ",3,1751
6,Hiking With Dogs Has Health Benefits People who love to hike find taking along a four-legged companion can have physical benefits for both ends of the leash. Studies show people are more successful at losing weight when they do it with a friend. What better friend than a dog to provide company and keep a person on track.,3,2064
7,Knee injury benches Eagles' Kalu for season Philadelphia Eagles defensive end N.D. Kalu will miss the season after tearing the anterior cruciate ligament in his right knee during yesterday's practice.,1,2377
8,"Dope scandal athletes withdraw Greek Olympic 200 metre champion Costas Kenteris, the focus of an Olympic doping scandal, has withdrawn from the Athens Games  quot;out of a sense of responsibility quot;. ",1,2690
9,Compuware asks court to punish IBM Software maker says Big Blue kept hold of key evidence to delay a resolution to a long-running legal spat over copyrighted code.,3,3003
10,Pope's French visit leaves debt France's Catholic Church posts a huge deficit after a weekend visit by the Pope to the southern shrine of Lourdes.,0,3316
11,"Moments of unforgettable Olympics Paul Hamm of the USA celebrates with his coach after scoring a 9.837 in the horizontal bar to claim victory in the men #39;s artistic gymnastics individual competition on August 18, 2004, during the Athens 2004 Summer Olympic Games at the Olympic Sports ...",1,3629
12,UK Police Arrest One Man Under Anti-Terror Laws (Reuters) Reuters - Police arrested a man in central England\on Thursday under anti-terrorism laws.,0,3942
13,"Job cutting worst in 2-1/2 years NEW YORK (CNN/Money) - Employers announced 104,530 job cuts last month, capping the worst three months for cutbacks since early 2002, outplacement firm Challenger, Gray  amp; Christmas Inc.",2,4255
14,"Manning Decent in Debut but Giants Lose (AP) AP - Although the spotlight was on Eli Manning, Jake Delhomme shone the brightest.",1,4568
15,"Virtual veins give nurses a hand \A virtual reality hand, complete with vital veins, that ""feels"" could help trainee nurses practise their jabs.",3,4881
16,Group Finds Ancient Ships Off Italy Coast (AP) AP - Archaeologists exploring the bottom of the sea off the island of Capri have found the wrecks of three ancient ships that once plied the Mediterranean between Rome and northern African colonies.,3,5194
17,"Good-looking, Lightweight  #39;Push-to-Talk #39; Phone for Business Users You #39;ll either love or hate the metallic copper-tone case, but for us it is a welcome break from the generic silver or gray phones that everyone seems to have. (A silver version is also available, for the more timid.) Although by no means ...",3,5507
18,"Crawford leads way to 100 semifinals ATHENS, Greece - United States sprinters Shawn Crawford, Justin Gatlin and Maurice Greene advanced to the semifinals of the men #39;s 100-meter race on Saturday.",1,5820
19,World champion Rossi set to dent Honda morale in Brno BRNO (Czech Republic): World champion Valentino Rossi is 22 points clear in the title race but the Yamaha rider will not be taking it easy at this weekends Czech Grand Prix.,1,6133
20,"Word Champion ATHENS -- With his big, thick right hand, Pete Clentzos slaps his belly. The hand bounces off.",1,6446
21,India News: Truckers #39; strike enters second day (NIGHT LEAD) The finance minister said he suspected a role for transport booking agents in misguiding the truck operators and inciting them to go on strike.,2,6759
22,"The Marathon Man In less than 20 hours, Chile #39;s Nicolas Massu fought his way to gold in men #39;s singles and doubles tennis. Four years ago the 24-year-old Chilean carried his county #39;s flag into the opening ceremonies in Sydney.",1,7072
23,"Transmeta bets on LongRun2 While Intel Corp. and Advanced Micro Devices Inc. continue bringing low-power mobile chips to market, Transmeta Corp. is faced with the possibility of shifting its focus from operations and toward licensing its technologies.",3,7385
24,Wal-Mart Sales Slump Keeps Stocks Muddled Wal-Mart Stores Inc. #39;s disappointing sales forecast sent stocks fluctuating Monday as investors #39; concerns about a slowing economy eclipsed their relief over a drop in oil prices.,2,7698
25,"AOL glitch causes info mix-up Some people who tried to access their personal pages on America Online this weekend found themselves looking at a completely different page instead, the Web giant confirmed on Monday.",3,8011
26,"US softball team enjoys dominant Olympic run When Australia scored a token run in the fifth inning of the gold medal game Monday at the Olympic Softball Stadium, it was the first scored here against the US - in the ninth and final game ",1,8324
27,"Iraq Gives Rebels Hours to Give Up, Battle Rages  NAJAF, Iraq (Reuters) - Iraq warned Shi'ite rebels besieged  in a holy shrine in the city of Najaf to surrender or face an  attack later on Tuesday that would ""wipe them out,"" as  government forces entered the battle zone for the first time.",0,8637
28,"UPDATE 3-Sanderson profit jumps, but shrs fall on costs Poultry producer Sanderson Farms Inc. (SAFM.O: Quote, Profile, Research) said on Tuesday its quarterly profit doubled on strong demand, but warned of lower wholesale ",2,8950
29,"Zimbabwe Opposition to Boycott Elections (AP) AP - Zimbabwe's main opposition Movement for Democratic Change said Wednesday that it would boycott future elections until the government reforms election laws, ends what the movement calls state-sponsored political violence and repeals what it terms repressive media and security laws.",0,9263
30,"Copyright Bill Needs Big Changes Technology companies and public-interest groups want to narrow the scope of the controversial Induce Act to focus on those who engage in 'mass, indiscriminate infringing conduct.' By Katie Dean.",3,9576
31,"Tiny Telescope Detects a Giant Planet (Reuters) Reuters - A tiny telescope has spotted a giant\planet circling a faraway star, using a technique that could\open a new phase of planetary discovery, scientists said on\Tuesday.",3,9889
32,"Practice Makes Credit According to a Washington Post survey, nearly three dozen of the 117 Division I-A universities award academic credit to varsity athletes for participating in intercollegiate sports.",1,10202
33,World #39;s strongest man strikes again Iranians are swelling with pride after weightlifter Hossein Rezazadeh confirmed his status as the world #39;s strongest man at the Athens Olympics.,1,10515
34,"Pinochet loses immunity Chile's Supreme Court strips Augusto Pinochet of immunity, paving the way for a possible trial on human rights abuses.",0,10828
35,"Intel Strikes Up Tri-Band Wireless Technology For Centrino Intel, looking to maintain mind share and market share in the mobile PC space, said Thursday it will begin shipping new, tri-band wireless functionality in its Centrino platform next month and will boost software and security support.",3,11141
36,"Jones, Boxers Get Shots at Gold Medals (AP) AP - ATHENS, Greece  #151; For two weeks in Greece, they were mostly missing in action: Marion Jones and the U.S. boxing team.",1,11454
37,"The Dean Machine Marches On The doctor is out, but his tactics drive campaigns from Florida to Alaska. By Samantha M. Shapiro from Wired magazine.",3,11767
38,"TV: Iraq Group to Free 7 Employees of Kuwait Firm Iraqi kidnappers of seven employees of a Kuwaiti company said in a video statement on Thursday they would release the captives once their employer halted operations in Iraq, Al Arabiya television reported.",0,12080
39,"Allchin explains Longhorn's haircut A clear roadmap for Longhorn was more important than inclusion of an advanced file system, Jim Allchin tells CNET News.com.\",3,12393
40,"AT amp;T Uses Its Long Past to Promote Its Near Future T amp;T may be your grandma #39;s phone company, but it is also trying to be the company of the future with its Internet phones. Even as it is getting out of the business of providing traditional phone ",3,12706
41,Rival to Boeing says A380 orders ahead of schedule LONDON (CBS.MW) -- Airbus on Friday said it received an order from Thai Airways International for six superjumbo A380 planes. Free!,2,13019
42,Bangladeshi leaders under pressure DHAKA: Bangladeshs prime minister and her main rival are under pressure to set aside years of bitter feuding after a grenade attack on an opposition rally killed 20 people and triggered a week of violent protests nationwide.,0,13332
43,"Earnhardt takes Sharpie 500 Dale Earnhardt Jr. broke out of a six-week slump last night with a convincing victory in the Sharpie 500, giving him a weekend sweep at Bristol (Tenn.) Motor Speedway and momentum for the upcoming championship chase.",1,13645
44,"Raikkonen wins Belgian Grand Prix; Schumacher second CBC SPORTS ONLINE - Michael Schumacher wasn #39;t in the winner #39;s circle at Sunday #39;s Belgian Grand Prix, but still managed to make some noise.",1,13958
45,Blue Jays Snap Streak Toronto ends its five-game losing streak with a 6-4 win over the Yankees after a power outage delays the start for an hour Sunday.,1,14271
46,Stocks Seen Sliding as Oil Moves Higher  NEW YORK (Reuters) - U.S. stocks are set to open lower on  Monday with oil prices pushing higher and Wall Street on edge  as the Republican National Convention gets underway in New York  amid heightened security concerns.,2,14584
47,"U.N. Can't Define Libya Weapons Program (AP) AP - The U.N. nuclear watchdog agency failed Monday to make a judgment on the origin of some technology for Libya's weapons program, a finding that diplomats said kept alive concerns of North Korean involvement.",0,14897
48,"For Windows, Opera takes requests In a first, Opera plans to support Microsoft's cell phone operating system, indicating progress for Windows.",3,15210
49,"Opera to launch browser for Windows Mobile Norwegian browser developer Opera Software ASA has developed a product to run on Microsoft Corp. #39;s Windows Mobile operating system, with plans to ship demonstration versions ",3,15523
50,"Apple Expo: Apple intros iMac G5 (MacCentral) MacCentral - Apple's senior vice-president of worldwide marketing, Phil Schiller, took\a cue from his boss, CEO Steve Jobs, as he unveiled one more thing at the\end of his keynote to kick off this week's Apple Expo in Paris: an iMac G5 that includes the entire\system inside a 17- or 20-inch LCD screen. Continuing the all-in-one theme\that started with the original CRT iMac, the G5 edition features a new\industrial design that does away with the hemispherical base of the previous\generation all together. Schiller said that the new iMacs will be available\in mid-September.",3,15836
51,"RAIDERS NOTEBOOK Hambrick, Zellner traded to Arizona Tailback Troy Hambrick once bristled at the prospect of playing behind Emmitt Smith in Dallas, believing the aging Hall of Fame-bound rusher was taking carries that belonged to him.",1,16149
52,"Els Haunted by Major Failures  CRANS-SUR-SIERRE, Switzerland (Reuters) - World number  three Ernie Els says he feels a failure after narrowly missing  out on three of the year's four major championships.",1,16462
53,Pennington Reaches Long-Term Deal with Jets  NEW YORK (Sports Network) - The New York Jets and  quarterback Chad Pennington finally agreed on a long-term  contract extension Wednesday.,1,16775
54,"Nortel to Delay Filing Results Yet Again Nortel Networks Corp. (NT.TO: Quote, Profile, Research) said on Thursday it will again delay filing results, predicting it will not release reports for 2003 and the first half of 2004 until the end of October.",3,17088
55,"Auto Stocks Surge After Weak Sales  DETROIT (Reuters) - General Motors Corp. &lt;A HREF=""http://www.investor.reuters.com/FullQuote.aspx?ticker=GM.N target=/stocks/quickinfo/fullquote""&gt;GM.N&lt;/A&gt; on Thursday  led a late-day rally in auto stocks, one day after the world's  largest automaker posted dismal U.S. sales results for August  and cut vehicle production.",2,17401
56,"Bloody Shootout Ends Russian School Siege  BESLAN, Russia (Reuters) - Russian troops stormed a school  Friday in a chaotic battle to free hundreds of parents,  teachers and children who had been held hostage for two days by  Chechen separatists.",0,17714
57,Space Station Crew Takes Maintenance Spacewalk A US astronaut and Russian cosmonaut have taken a spacewalk outside the international space station to work on an aging air conditioner and install communications antennas.,3,18027
58,"Solberg quickest at Rally of Japan TOKYO, Japan -- World champion Petter Solberg dominated the second day of the Rally of Japan, winning six of Saturday #39;s nine special stages and opening up a one minute and eight second lead.",1,18340
59,"Wal-Mart Launches Windows Media Song Downloads Wal-Mart Stores Inc. launched an online music store that works with Microsoft Corp. #39;s Windows Media Player, the world #39;s largest retailer said on Thursday.",3,18653
60,To get or not to get Windows XP Service Pack 2? That is the &lt;b&gt;...&lt;/b&gt; The talk in the computer world seems to be whether or not to get Microsoft #39;s Windows XP Service Pack 2. Both sides of the argument offer pros and cons as to whether or not computer users should proceed with this upgrade.,3,18966
61,"Sweep in the Cards: St. Louis wins ninth in a row St. Louis, MO (Sports Network) - Hector Luna tripled and scored the winning run on Reggie Sanders #39; pinch-hit single in the 11th inning, as the St.",1,19279
62,Israel Hints Ousting Arafat Delayed by Gaza Pullout  JERUSALEM (Reuters) - Israel renewed its threat on Monday  to remove Yasser Arafat but hinted it had delayed taking action  against the Palestinian president to avoid complicating a  planned withdrawal from the Gaza Strip.,0,19592
63,Australia accused over  #39;fair trial #39; call Canberra has been accused of playing politics after it called on Washington to ensure the military trials of two Australians are conducted fairly.,0,19905
64,"Viking burial site unearthed in England LONDON - Archaeologists in northwestern England have found a burial site of six Viking men and women, complete with swords, spears, jewelry, fire-making materials and riding equipment, officials said Monday.",3,20218
65,Spammers exploit anti-spam trap Some spammers are getting their messages through using techniques designed to spot and stop them. A survey shows that spammers are the biggest users of a technique designed to find out if e-mail comes from the net address it says it does.,3,20531
66,"NASA Space Shuttles Spared Frances #39; Wrath Discovery, Atlantis and Endeavour -- were not in the NASA Vehicle Assembly Building during the onslaught of Hurricane Frances. The VAB lost about 40,000 ",3,20844
67,Titans Not Worried About Storm in Miami (AP) AP - The Tennessee Titans don't plan to worry about Hurricane Ivan right now. They're too busy preparing to play the Miami Dolphins in a season opener still scheduled for Sunday.,1,21157
68,"AFP Interview: Afghan minister says attacks on NGOs inevitable (AFP) AFP - Attacks on aid organisations in Afghanistan are inevitable, according to a government minister, who said the widespread perception that aid workers were wasting money that should be spent on Afghans was fuelling the violence.",0,21470
69,"Russia Threatens to Strike Terror Bases MOSCOW - A top Russian general on Wednesday warned the military will strike ""terrorist bases in any region of the world,"" while authorities offered a \$10 million reward for information leading to two Chechen rebel leaders blamed for last week's deadly raid on a school.    In a nationally televised meeting, Prosecutor-General Vladimir Ustinov also briefed President Vladimir Putin on the investigation into the taking of more than 1,200 hostages in a school last week in the southern Russian town of Beslan...",0,21783
70,"AdWatch: Kerry Accuses Bush on Iraq Money (AP) AP - Details of new television ad from Democratic presidential candidate John Kerry, that began airing Wednesday.",0,22096
71,"Iginla #39;s two goals pave rout After the United States advanced to the World Cup of Hockey semifinals Tuesday night, some of the players already started talking about facing Finland.",1,22409
72,U.S. Declares Genocide in Sudan's Darfur  WASHINGTON (Reuters) - The United States declared on  Thursday genocide has occurred in Sudan's Darfur region and  blamed the Khartoum government and Arab militias for the crisis  that has driven more than a million people from their homes.,0,22722
73,Real sells 3m tracks at a loss Media software firm RealNetworks says it sold more than three million tracks thanks to an aggressive three-week price promotion in the US.,3,23035
74,Oil Firm After 4 Percent Jump  SINGAPORE (Reuters) - Oil prices held firm on Friday after  leaping almost \$2 a day earlier on news U.S. crude stocks sank  to a five-month low last week and distillate fuels barely grew  ahead of winter.,2,23348
75,"Las Vegas casino offering full season of action NFL fans spending time in Las Vegas always can place a bet on their favourite team for that week #39;s game. Now, the Plaza Hotel is offering something more long-range.",1,23661
76,"Iran absolutely will not engage in nuclear weapons program: EU The European Union welcomes Iran #39;s new offer to suspend sensitive nuclear activities, saying Tehran should be given a few more months to comply before any tougher action, the Netherlands said on Thursday.",0,23974
77,"MLB: Philadelphia 9, New York Mets 5 A two-run homer in the seventh by Jason Michaels put Philadelphia in front Friday night and the Phillies went on to down the New York Mets, 9-5.",1,24287
78,"Federer Advances to U.S. Open Final with Win Over Henman  NEW YORK (Reuters) - Top seed Roger Federer was at his  dismissive best on Saturday as he breezed to a 6-3, 6-4, 6-4  victory over fifth seed Tim Henman to reach the final of the  U.S. Open for the first time.",1,24600
79,"Builders put energy into being efficient  quot;Feel that breeze? quot; Sargent said. The draft #39;s cooling effect didn #39;t happen by accident. Sargent pointed out large casement windows that swing out, catching the prevailing southern winds, and ",2,24913
80,"Thousands Protest Gaza Evacuation Plan JERUSALEM - Tens of thousands of Jewish settlers and their backers demonstrated in Jerusalem on Sunday against Prime Minister Ariel Sharon's plan to evacuate all settlements from Gaza and four West Bank enclaves in a rally held against a backdrop of assassination threats and warnings of civil war.    The withdrawal plan has upset the Israeli political scene since it was announced last year, turning Sharon's backers into opponents and detractors into supporters...",0,25226
81,"Rice's Car Crashes Adrian Fernandez wins the Delphi Indy 300, but is overshadowed by a crash that sent Buddy Rice's car skidding upside down along the track.",1,25539
82,Why did Sendo bury the hatchet with MS? &lt;strong&gt;Analysis&lt;/strong&gt; Too expensive to bury it &lt;em&gt;in&lt;/em&gt; MS?,3,25852
83,"Tech Stocks Rise; Oil Prices Boost Sector  NEW YORK (Reuters) - Technology stocks rose on Monday as  semiconductor companies returned to favor, led by Intel  Corp.&lt;A HREF=""http://www.investor.reuters.com/FullQuote.aspx?ticker=INTC.O target=/stocks/quickinfo/fullquote""&gt;INTC.O&lt;/A&gt; and Broadcom Corp. &lt;A HREF=""http://www.investor.reuters.com/FullQuote.aspx?ticker=BRCM.O target=/stocks/quickinfo/fullquote""&gt;BRCM.O&lt;/A&gt;, helping to lift  major indexes.",2,26165
84,"Ivan #39;s approach ignites energy prices Energy markets shuddered Monday with the approach of Hurricane Ivan, bidding up crude oil and natural gas prices as crews scrambled to evacuate production platforms in the Gulf of Mexico.",2,26478
85,"Eyeing Downturn, Chip Makers Trim Equipment Buying (Reuters) Reuters - The semiconductor industry is showing\the first signs of slowing growth, trimming purchases of raw\materials and production equipment as demand slows, industry\executives and analysts said on Tuesday.",3,26791
86,"Hughes keen on Blackburn position LONDON, England -- Wales coach Mark Hughes has admitted he is interested in taking over as manager of Blackburn, who have lost Graeme Souness to Newcastle.",1,27104
87,"IMlogic Launches Free IM, P2P Blocker IMlogic Inc. on Tuesday launched a free tool to let enterprises detect and block the use of instant messaging, peer-to-peer file sharing networks and voice-over-IP applications within their walls.",3,27417
88,US Study Says a Nuclear Iran Would Aid More Terror Iran could acquire a nuclear bomb in the next one to four years and would become more willing to aid terrorist groups once it has an atomic ,0,27730
89,Apple could pay more to Apple The row has been brewing almost as long as Steve Job #39;s computer outfit existed. In 1978 Apple Records sued Jobs and got an agreement that Apple Computer would never enter the music business.,3,28043
90,"Putin shakeup won #39;t foster a safer Russia Moscow -- President Vladimir Putin #39;s moves to scrap regional elections and reform parliament in the name of fighting terrorism will move Russia closer to authoritarianism without making the country any safer, analysts and liberal politicians say.",0,28356
91,"Rolyal Blues Cut Heynckes Loose With but three points from their first four league matches, Schalke 04 have axed coach Jupp Heynckes on the eve of their Uefa Cup opener against Metalurgs Donetsk.",1,28669
92,"Airbus #39;s launch aid #39; has to be grounded This week, trade officials from the US and the European Union are due to discuss subsidies in the commercial aircraft market. The talks must focus on the subsidy that distorts the market the most - launch ",2,28982
93,"Ryder Cup underdogs pack a bite Ask the question a dozen times and you #39;ll get a dozen answers. Or a dozen shrugs, because nobody really knows. Every two years at the Ryder Cup, the Americans send out a team that looks, on paper, unbeatable.",1,29295
94,"Unionists must make power-sharing pledge - Adams Unionist demands for the IRA to be wound up can be met as soon as they give a pledge to share power in Northern Ireland, Gerry Adams stressed today.",0,29608
95,Deal Gets Clean Bill of Health Will Pacificare's deal with American Medical Security prove to be a lucrative link?,2,29921
96,Kerry: Bush Not Being Straight About Iraq (AP) AP - Democratic Sen. John Kerry on Thursday accused President Bush of failing to tell the truth about the situation in Iraq as the country falls into more violence and chaos with each passing day.,0,30234
97,"Iran May Extend Partial Nuke Enrichment Freeze  VIENNA (Reuters) - Iran's policymakers may decide to extend  its partial freeze on uranium enrichment, a process that can  make fuel for nuclear power plants or weapons, a senior Iranian  official said on Friday.",0,30547
98,"How many planets are there, Indian president asks South African students (AFP) AFP - South African students at a high school in a township outside Durban were treated to a special science lesson delivered by Indian President Abdul Kalam.",0,30860
99,"U.S. Stocks Rise, But Oil Surges Again  NEW YORK (Reuters) - Stocks rose on Friday after Ford Motor  Co. raised its earnings forecasts, but wireless technology  provider Qualcomm Inc. held back gains on the Nasdaq after  saying an accounting review may reduce pretax income.",2,31173
100,"MCI Creditors Are Target of  SEC Subpoenas (washingtonpost.com) washingtonpost.com - The Securities and Exchange Commission has subpoenaed 11 members of MCI Inc.'s former creditors committee for documents related to confidential communications between the company and its bondholders, according to federal bankruptcy court filings.",3,31486
101,"Blair was warned of post-war chaos Prime Minister Tony Blair was warned by top government officials, including his foreign secretary, a year before invading Iraq that chaos could follow the war, the Daily Telegraph says.",0,31799
102,"Putin #39;s reforms are undemocratic says governor A Russian governor has become the first to break ranks over Kremlin plans to abolish elected regional heads and replace them with appointees, attacking the proposals as  quot;undemocratic and unconstitutional quot;.",0,32112
103,Sopranos tipped for Emmys Mobster drama The Sopranos is favourite to take home the most trophies ahead of the Emmy awards.,0,32425
104,Indonesians Begin Voting in Landmark Election (Reuters) Reuters - Indonesians began voting on Monday in a\landmark election expected to remove President Megawati\Sukarnoputri and install an ex-general who has vowed firmer\leadership in fighting terror and boosting the economy.,0,32738
105,"Garcia, offense can #39;t recover They suffered through a rough start against Baltimore in the season opener a week ago, but because they hung in there and just kept grinding away, things gradually ",1,33051
106,"Multiplayer Games Coming to Mobile Phones As millions buy increasingly powerful cell phones, many companies are racing to develop video games to take advantage of the newfound portability. The newest twist is multiplayer: You can face real people in space battles or fishing tournaments.",3,33364
107,"Zimbabwe court drops paper case Charges against four directors of Zimbabwe's banned Daily News newspaper are dropped by a court, citing insufficient evidence.",0,33677
108,Eriksson may be for Real Real Madrid #39;s month of turmoil took another serious turn last night when the club were forced into appointing low-ranking coach Mariano Garcia Remon to replace Jose Antonio ,1,33990
109,"Starwood Taps Former Coke Exec as New CEO  NEW YORK (Reuters) - Steven Heyer, a former top executive  at Coca-Cola who left shortly after being denied the chief  executive slot in May, is set to take the helm of Starwood  Hotels Worldwide, the company said on Tuesday.",2,34303
110,"Iran Converts Uranium in Defiance of UN  By Francois Murphy VIENNA (Reuters) - Iran defied the  United Nations on Tuesday by announcing it has begun converting  a large amount of raw uranium to prepare it for enrichment, a  process that can be used to develop atomic bombs.",0,34616
111,HP forms new blade group HP has formed a new division within its Enterprise Storage and Servers Group designed to unify its blade system development efforts.,3,34929
112,"Dollar Claws Back from Losses  TOKYO (Reuters) - The dollar edged up on Wednesday,  recovering some of the losses it made after the Fed raised U.S.  interest rates as expected but did little to change the  market's view that its monetary tightening cycle will continue.",2,35242
113,"Fire in hot pursuit of US Open title The Chicago Fire has won the US Open tournament three times in its first six seasons, and Jesse Marsch has been involved in all those titles.",1,35555
114,"BCCI blames Zee, ESPN-Star sports; will arrange telecast The Cricket Board today said it was trying its  quot;level best quot; to arrange for live telecast of the India-Australia series, while blaming both ESPN-Star Sports and Zee Telefilms for creating an impasse which forced the board to cancel the entire tendering ",1,35868
115,"Canada Offers Darfur Aid, Eschews 'Genocide' Label (Reuters) Reuters - Canadian Prime Minister Paul Martin\promised on Wednesday to help fund an African Union mission in\Sudan's troubled Darfur region but he skirted the issue of whether\what was happening there was genocide.",0,36181
116,"N.Korea May Be Preparing Missile Launch-Paper (Reuters) Reuters - The United States and Japan have detected\signs that North Korea is preparing to launch a ballistic\missile that could hit almost all of Japan, a Japanese\newspaper said on Thursday.",0,36494
117,"Midwest Getting Its Summer in September CHICAGO - At a time when restaurants typically put away their patio furniture, sweaters replace T-shirts and sailboats are plucked from the water, Midwesterners are out enjoying activities usually reserved for July and August - not weeks past Labor Day. Summer is here...",0,36807
118,"China set for F1 Grand Prix A bird #39;s eye view of the circuit at Shanghai shows what an event Sunday #39;s Chinese Grand Prix will be. The course is arguably one of the best there is, and so it should be considering the amount of money that has been spent on it.",1,37120
119,"As More Exploits Emerge, Security Groups Prep for JPEG Attack The Internet security community is preparing for a working virus or worm attack based on the Microsoft JPEG exploit revealed last week.",3,37433
120,"Canada Raises C\$3.18 Billion in Petro-Canada Sale (Update2) Canada raised C\$3.18 billion (\$2.49 billion) by selling about a fifth of Petro-Canada, marking the nation #39;s biggest share sale and the government #39;s exit from a 1970s-era effort to control its own energy supplies.",2,37746
121,Bank of America bases unit in Hub  Bank of America Corp. confirmed yesterday it will locate its wealth management division in Boston and said it will move about 100 high-level jobs here.,2,38059
122,"Titanic merger of galaxy clusters revealed One of the hottest, most energetic mergers of two colossal galaxy clusters has been imaged in exquisite detail by an X-ray observatory in space, astronomers announced on Thursday.",3,38372
123,"Added Security With Strong Authentication VeriSign and RSA Security intro security tools that could help combat the upswing in E-commerce threats. By Thomas Claburn. It #39;s hard to say what #39;s growing faster, security threats or security solutions.",3,38685
124,Baggage handlers begin strike About 600 baggage handlers and maintenance staff working for air services provider Servisair have gone on strike at Gatwick Airport in a dispute over working conditions.,2,38998
125,"Militant Chechen Rebel Leader to Go on Trial for Masterminding &lt;b&gt;...&lt;/b&gt; Chechen separatist leader Aslan Maskhadov says his group is planning to try the mastermind of the hostage siege in southern Russia that left more than 330 people, more than half of them children, dead.",0,39311
126,"Swedes fire into top two spots SWEDEN #39;S Henrik Stenson opened up a one-shot lead over compatriot Patrik Sjoland after the third round of The Heritage tournament today, as he continued his attempts to resurrect his game.",1,39624
127,"Wildcats bowl over Dartmouth -- again HANOVER, N.H. -- The domination continues. The University of New Hampshire, ranked No. 15, won its fifth straight Granite Bowl over Dartmouth yesterday, pummeling the Big Green, 45-24.",1,39937
128,"Egyptians Irked by Prisoner Swap Deal CAIRO, December 6 (IslamOnline.net  amp; News Agencies) - Despite the Egyptian official denial of any deals behind the release of six Egyptian students detained in Israel and convicted Israeli spy Azzam Azzam, opposition figures and people lambasted what ",0,40250
129,"NOTEBOOK: Bye week very timely for banged-up Lions Had they beaten Philadelphia, the Lions might feel different about taking a week off this early in the season. Had they gone into October with a 3-0 record, they would have been eager to keep the roll going.",1,40563
130,"Get heart smart A few days after the news of former President Clinton #39;s bypass surgery, I felt myself getting seriously short of breath and unable to walk more than a few steps without stopping.",3,40876
131,Vodafone to hand back more cash VODAFONE chief executive Arun Sarin today promised to return more cash to shareholders in the form of bigger dividends or share buybacks.,2,41189
132,"Cingular Wireless plans to sell interactive unit Fund manager Cerberus Capital Management to buy the Mobitex network, used to support a quarter of the world's BlackBerry users.",3,41502
133,"President Bush #39;s Money For Space Cometh citanon writes  quot; The Washington Post reports that House Majority Leader Tom Delay has delivered, via the omnibus spending bill passed Nov. 20, the President #39;s full budgetary request of \$16.2 billion dollars ",3,41815
134,"Pakistan officials tout victory Pakistani officials declared an important victory against al-Qaida yesterday after police shot dead Amjad Farooqi, who was suspected of roles in the execution of Wall ",0,42128
135,"Nation/world briefs NEW YORK - Time Warner Inc. and Comcast Corp. said they are exploring a potential joint bid for Adelphia Communications Corp., the troubled cable company that put itself on the block as part of a Chapter 11 bankruptcy proceeding.",2,42441
136,"Half Of Online Viagra Bogus Half of the Viagra sold over the Internet -- often via spam-style blastings that plague mailboxes worldwide -- is fake, a British researcher said Tuesday.",3,42754
137,Jordan #39;s king: Iraq elections impossible PARIS -- The Jordanian monarch said in an interview published Tuesday that elections in Iraq are impossible in the current chaos and that he sees no chances of improvement in the short term.,0,43067
138,"Motorola to cut 1,000 more positions Motorola Inc., the world #39;s second-largest maker of mobile phones, will cut 1,000 jobs as the company prepares to spin off its computer-chip business, costing \$50 million in severance payments.",2,43380
139,"Flight Controller Readies Shuttle for First Flip NASA -- A decade in Mission Control for native Texan Steve Walker has seen him help steer the Space Shuttle to historic destinations. Among them were the Russian Mir Space Station, the Hubble Space Telescope and the International Space Station...",3,43693
140,"HUD Secretary Comments on Fannie Mae WASHINGTON - It #39;s up to the board of Fannie Mae to decide whether top managers should be removed in the wake of the mortgage giant #39;s accounting crisis, HUD Secretary Alphonso Jackson said Wednesday.",2,44006
141,"IBM settles pension suit, take charge International Business Machines (IBM) has settled portions of an ongoing lawsuit related to pensions, and will take a charge of \$320 million in the current quarter, the technology company said Wednesday.",2,44319
142,"STOCKS TO WATCH SAN FRANCISCO (CBS.MW) - Among the companies whose shares are likely to see active trading in Thursday #39;s session are IBM (IBM: news, chart, profile) and American International Group (AIG: news, chart, profile).",2,44632
143,Key Part of Patriot Act Ruled Unconstitutional A federal judge in New York ruled that a key component of the USA Patriot Act is unconstitutional because it allows the FBI to demand information from Internet service providers without judicial oversight or public review.,3,44945
144,India Expects Jump in High-Tech Imports (AP) AP - India's space agency said Thursday its removal from a U.S. export restriction list earlier this month could result in a threefold import increase of high technology equipment from the United States.,3,45258
145,"A wounded Tiger stays in the game Tiger Woods pursed his lips and cursed under his breath as he stood over his first tee shot, feeling spasms in his back and knowing the sharp pain that was coming with each shot.",1,45571
146,"Arthritis Drug Vioxx Is Taken Off Market The decision by Merck   Co. came after a study confirmed simmering concerns that it significantly raises the risk of heart attack and stroke. More than 2 million people take Vioxx worldwide, making this the largest voluntary drug recall in history.",2,45884
147,Searching for Substance: Web Browser Olympic Scorecard Nigel McFarlane boils down all the competition between browsers into a single score for each browser. Take this article to your local second-hand browser dealer to test his honesty.,3,46197
148,US music targets more 'pirates' Students at 27 US colleges are being sued by the American record industry for alleged illegal downloading.,3,46510
149,"Energy Department Hacked Nearly 200 Times In Last Year The department must do more to lower the risk of cyberattacks against its IT systems and networks, an internal report says. By George V. Hulme.",3,46823
150,"Conference on Endangered Species Opens in Bangkok The great white shark, African rhinos and the American bald eagle are among the animals and fauna that will take center stage at an international conference on regulating trade in endangered species that opens Saturday.",0,47136
151,"Shuttle #39;s Spring 2005 Launch Date Delayed HOUSTON Oct. 2, 2004 - The first shuttle flight since the Columbia tragedy has been pushed back by NASA because hurricane damage and implementation of new safety measures made a spring 2005 launch  quot;no longer achievable.",3,47449
152,Wenger praises  #39;special #39; Henry Arsenal boss Arsene Wenger heaped praise on striker Thierry Henry after the Frenchman #39;s double helped the champions to a 4-0 victory over Charlton Athletic on Saturday.,1,47762
153,"Gang violence rises in Central America  SAN SALVADOR -- Homemade grenades started exploding midmorning Aug. 18 at La Esperanza, El Salvador's largest prison, and the 3,200 inmates locked inside the overcrowded cage stampeded to escape the blasts and the fireballs.",0,48075
154,"Westfield battles for control property giant The battle for the British-based Chelsfield plc hotted up at the weekend, with reports from London that the property giant #39;s management was working on its own bid to thwart the 585 million (\$A1.",2,48388
155,"Finder of first Peking Man skull commemorated in Beijing An exhibition is being held in Beijing to mark the 100th anniversary of the birth of Pei Wenzhong,the discoverer of the first Peking Man skull.",3,48701
156,"Sacked, and now they're back (USATODAY.com) USATODAY.com - XM Satellite Radio kicks off talk shows today featuring Bob Edwards, the husky-voiced National Public Radio star whose dismissal last spring caused an uproar from loyal listeners, and shock jocks Opie and Anthony, who were silenced two years ago after staging a stunt involving a couple having sex at St. Patrick's Cathedral in New York.",3,49014
157,Fuel cell mobile phone recharger NTT DoCoMo and Fujitsu announced that they have developed a prototype fuel cell that can be used to recharge modern mobile phones.,3,49327
158,"US volcano belches more steam America's Mount St Helens belches more vapour, raising fears it might blow at any moment.",0,49640
159,"Blair heads off to Africa on trip aimed at securing legacy (AFP) AFP - Freshly recovered from a heart operation, British Prime Minister Tony Blair was scheduled to fly to Ethiopia on a personal aid mission which he hopes will also provide a restorative boost to his own place in history.",0,49953
160,Dickey Around With Stem Cells An obscure amendment attached to an appropriations bill could throw a wrench into presidential candidate John Kerry's plans to fund embryonic stem cell research. By Kristen Philipkoski.,3,50266
161,"Record high oil prices, economic data put pressure on stock &lt;b&gt;...&lt;/b&gt; TORONTO (CP) - Record high oil prices and disappointing economic data sent stocks lower Tuesday morning. The price of crude oil for November delivery ran up 77 cents to \$50.",2,50579
162,"U.S., Iraqi Forces Open New Offensive Iraqi insurgents attacked a U.S. convoy with a car bomb in the northern city of Mosul and killed an American soldier with a roadside bomb near Baghdad, Iraqi and U.S. authorities reported today.",0,50892
163,"Asian, European leaders gather in Hanoi ahead of summit (AFP) AFP - Asian and European leaders began arriving in Hanoi ahead of a summit aimed at boosting political, economic and cultural ties despite profound inter-regional differences over Myanmar.",0,51205
164,US Warplanes Bomb Suspected Zarqawi Safe House in Fallujah The US military in Iraq says warplanes struck a building in Fallujah Wednesday that is alleged to be a safe house for wanted terrorist Abu Musab al-Zarqawi.,0,51518
165,"SAP presents new capabilities for Netweaver SAP AG announced two updates to the Master Data Management (MDM) component of its NetWeaver integration and application platform on Tuesday. The updates, which will appear by the end of the year, are designed to make it easier to synchronize data between different systems. Two other new NetWeaver enhancements, faster searching of corporate data and more robust handling of errors in Java applications, will only appear in the next release of NetWeaver, planned for 2005, the company said at the SAP TechEd conference in San Diego.",3,51831
166,"Opposition blasts  #39;obviously inferior #39; subs OTTAWA - As HCMS Chicoutimi #39;s 57 crew members continued to brave inclement North Atlantic weather aboard a powerless, damaged submarine, the search began in Ottawa for someone to blame over Canada #39;s latest embarrassing naval mishap.",0,52144
167,"Boeing battle is Mandelson #39;s first test Peter Mandelson, the incoming EU trade commissioner, yesterday found himself at the centre of a transatlantic trade war over multi-billion dollar subsidies to Airbus and Boeing, the civil aircraft manufacturers.",2,52457
168,"EU panel urges talks with Turkey about membership BRUSSELS, Belgium -- In a move that could extend Europe #39;s borders to the edge of the Middle East, the European Union on Wednesday recommended starting negotiations with Turkey on full membership.",0,52770
169,"Bledsoe, Bills keep rumbling MIAMI -- In a shootout worthy of Dan Marino and Jim Kelly, Drew Bledsoe threw four touchdown passes, and the Buffalo Bills forced seven Miami turnovers to maintain their late-season surge by beating A.J. Feeley and the Dolphins, 42-32, yesterday. Feeley threw three touchdown passes, all in the first 12 1/2 minutes. He also had a hand in six turnovers, ...",1,53083
170,"US pension agency chief says solvency at risk The longer-term solvency of the US fund that insures traditional pensions is at risk, the director of the Pension Benefit Guaranty Corp.",2,53396
171,News: Shifting cyber threats menace factory floors A new report says that external attackers have overtaken insiders as the most likely cyber threat to remote-controlled factory equipment. ,3,53709
172,"For Kerry, Thinking Globally Began at a Young Age  From the beginning, John F. Kerry has formed his presidential campaign around his service in the Vietnam War. But it is another war, World War II, that shaped his belief that the United States is more effective on the global stage when it works closely with other countries.",0,54022
173,"JetBlue, Northwest to expand at Logan Two airlines plan to expand service at Logan International Airport. Airport officials say JetBlue Airways tomorrow will add a third daily nonstop flight to Fort Lauderdale and a new daily nonstop flight to Fort Myers, both in Florida. Northwest Airlines is planning nonstop daily service to Indianapolis starting Oct. 31, using 50-seat jets, with three flights a day on weekdays ...",2,54335
174,"B amp;G Foods Falls Flat in Public Debut B amp;G Foods Holdings Corp. fell flat in its trading debut Thursday, and shares were nearly unchanged from their reduced opening price in Friday afternoon activity as investors mulled mixed results from two other ",2,54648
175,"Coming to a college near you: Services science? SAN FRANCISCO - More than40 years after Purdue University established the first department of computer science in the U.S., a whole new field of study is about to emerge in colleges and universities throughout the country, according to a researcher at IBM Corp.'s Almaden Research Center, who believes that students could begin to receive doctorate degrees in the field of ""services sciences"" in 10 years time.",3,54961
176,"First UK Secy Says Sorry Over Iraq War London, Oct. 9 (NNN): The British Trade and Industry Secretary Patricia Hewitt has said sorry for the blunders over intelligence used to justify the Iraq war, becoming the first member of the Government to do so.",0,55274
177,Jackson has a tough match Australian basketball star Lauren Jackson has dedicated the WNBA finals to the memory of her grandmother who died last month but the Connecticut Sun have spoiled it so far.,1,55587
178,"Computer Users Face New Scourge (washingtonpost.com) washingtonpost.com - SAN FRANCISCO -- Chuck Harris remembers when the Internet was fun and he'd spend hours reading his favorite news sites, checking the church calendar, browsing the shops. Then, a few weeks ago, he lost control of his computer. It turned into a giant electronic billboard.",3,55900
179,Gallacher Scores First European Tour Win Scotland #39;s Stephen Gallacher holds the trophy in front of the clubhouse whilst sitting on the Swilcan burn bridge after winning the Dunhill Links golf championship at St.,1,56213
180,"Nallen rolls to record win Chandler, AZ (Sports Network) - Chris Nallen closed with a one-under 71 on Sunday, but it was more than enough to win the Gila River Golf Classic.",1,56526
181,"India Emerges as Innovation Hub Indian labs churn out technologies to help users in developing countries keep up with the information age even if they can't afford a computer, don't live near a phone or speak a language that can't be typed on a standard keyboard. By Manu Joseph.",3,56839
182,"Cheney: New Jersey 'Moving Toward' GOP (AP) AP - Vice President Dick Cheney hammered away at familiar themes in a visit to New Jersey Monday, portraying Democrat Sen. John Kerry as indecisive in a speech to a couple of thousand Republican faithful.",0,57152
183,"Welke, Marsh Picked As Crew Chiefs for LCS (AP) AP - Umpires Tim Welke and Randy Marsh were picked as crew chiefs for the league championship series and will start out Game 1 behind the plate.",1,57465
184,"Southeast Asia Takes Aim at Illegal Wildlife Trade Southeast Asia announced on Monday its first coordinated effort against the multi-billion dollar illegal wildlife trade, drawing praise from conservationists despite giving no timetable for the plan.",3,57778
185,Schilling prepared to go on the attack New York- The Yankees and Red Sox have been there and done that. They #39;re about to do it again tonight in Game 1 of the American League Championship Series.,1,58091
186,"Carrefour Lowers Annual Profit Forecast on Price Cuts (Update3) Carrefour SA, the world #39;s second- largest retailer, said annual profit will not meet a forecast for growth of at least 10 percent because of price cuts aimed at reviving demand in France, its home market.",2,58404
187,IBM unpacks new storage gear NEW YORK--IBM has introduced two new storage products that the company said provides customers with better performance at a lower cost.,3,58717
188,Final round within reach for Americans WASHINGTON -- The heavy lifting has been done. The long plane rides to exotic lands and the tough nights on the road playing in front of raucous crowds are a memory for now.,1,59030
189,"NBA hopeful Liu Wei wins praise from coaches on eve of China showdown (AFP) AFP - China's national team basketball star Liu Wei, aiming to become Asia's first guard to make it in the NBA, is getting high accolades from the coaches of the Sacramento Kings with whom he is trying out.",1,59343
190,Schroeder Rules Out German Troops for Iraq  BERLIN (Reuters) - Chancellor Gerhard Schroeder on  Wednesday ruled out sending German troops to Iraq after his  defense minister said a deployment could be possible in the  future.,0,59656
191,Finds  #39;show we were right to fight #39; Tony Blair yesterday seized on the discovery of the mass grave in northern Iraq as justification for removing Saddam despite the absence of WMD.,0,59969
192,Briefs: Plummer to remove sticker Plummer to remove sticker: Broncos quarterback Jake Plummer cut a deal with the NFL on Wednesday to remove the sticker memorializing former teammate Pat Tillman from his helmet in exchange for finding other ways to honor him.,1,60282
193,"Pakistan down Sri Lanka in dress rehearsal Lahore, Pakistan - Pakistan foiled a sparkling hundred by Sri Lankan skipper Marvan Atapattu in a moral-boosting win over Sri Lanka here on Thursday ahead of the tri-series cricket final between the two sides.",1,60595
194,SunTrust Banks Gets SEC Inquiry Notice Financial services firm SunTrust Banks Inc. said Thursday that it received notice that the Securities and Exchange Commission is conducting an informal inquiry into the company #39;s recent announcement that it ,2,60908
195,"A Tribute to Spam, the Meat A trip to Spamtown USA to check out a museum celebrating the canned pork product reminds us how Spam made an impact on world cuisine long before its name became synonymous with unwanted e-mail. Michelle Delio reports from Austin, Minnesota.",3,61221
196,"IBM #39;s Power5 beast takes on Sun, HP - and IBM Come November, customers will see the Power5-based p5-590 and p5-595 servers hit the market. The 32-way 590 is a direct replacement for the current Power4-based p690.",3,61534
197,Microsoft Issues Patch for SP2 Update fixes crashes caused by incompatibility with hidden advertising app.,3,61847
198,"Russian Spacecraft Avoids Collision, Docks with International &lt;b&gt;...&lt;/b&gt; A three-man crew has arrived at the International Space Station, after a two-day trip in a Russian Soyuz spacecraft. Two of the men will replace the crew now on the station as part of the normal six-month rotation.",3,62160
199,"Astros ride Clemens, homers to win The Houston Astros, down two games to none heading into Game 3 against the St. Louis Cardinals in the National League Championship Series, knew they could absolutely not ",1,62473
200,"New Hope in the Fight Against Breast Cancer Mammograms have become a rite of passage for 40-year-old American women, and a compulsory exercise for those over 40. But as rote as those annual screenings might seem, there's nothing routine about a diagnosis of breast cancer.",3,62786
201,"Dollar Closes in on Lows After Weak Data (Reuters) Reuters - The dollar edged down against the euro on\Monday toward its lowest level in seven and a half months,\pressured after it fell through key technical levels on weak\U.S. economic data on Friday.",2,63099
202,"Fla. Voters to Begin Casting Early Ballots WEST PALM BEACH, Fla. - Election Day is still two weeks away, but voters across the state have the option Monday of beginning to cast their ballots early in this pivotal battleground state...",0,63412
203,Glazer Increases Manchester United Stake (AP) AP - Tampa Bay Buccaneers owner Malcolm Glazer confirmed Monday that he had increased his stake in Manchester United to more than 25 percent.,1,63725
204,"Target Sees Sales Growth Near 6 Percent (AP) AP - Target Corp. now expects average October sales close to the top of its previous estimate of a 4 percent to 6 percent increase from last year, the discount retailer said Monday.",2,64038
205,"Bid to be the world #39;s biggest gold firm Harmony Gold Mining Co, South African gold firm, has made a \$8.2 billion bid to acquire its much bigger rival -- Gold Fields. If the acquisition or the merger goes through, it would create the world #39;s largest gold producing company.",2,64351
206,"Pru taps investors for one billion pounds Prudential is to tap investors for one billion pounds through a share issue, saying it needs the cash to fund its UK growth plans.",2,64664
207,Peres Warns Israeli Extremists Might Try to Assassinate Sharon Opposition leader Shimon Peres voiced fears today that Israeli extremists may try to assassinate Prime Minister Ariel Sharon because of their anger over his plan to withdraw settlers from the Gaza Strip.,0,64977
208,"My gawd, what if the Red Sox ever won? It took nearly 11 hours and 26 innings for the Red Sox to shed the humiliation of falling behind 3-0 in a best-of-seven ALCS via an unholy 19-8 shellacking, but shed it they did.",1,65290
209,"China Quake Destroys 20,000 Homes, No Deaths  BEIJING (Reuters) - An earthquake has rocked a densely  populated city in southwestern China, destroying more than  20,000 houses but killing no one, a local official said on  Wednesday.",0,65603
210,"First Students Expelled Over French Law (AP) AP - Two Muslim girls who refused to remove their head scarves in class have been expelled from their schools, and two more risked the same fate Wednesday as officials began taking action against those who defy a new French law banning conspicuous religious symbols from public schools.",0,65916
211,"Pakistan Says Holding Yemeni 'Qaeda Leader' (Reuters) Reuters - Pakistan has arrested a Yemeni\national who is an important figure in al Qaeda's new\leadership and another foreign national who is one of the\network's communications specialists, officials said on\Wednesday.",0,66229
212,Unisys joins Open Source Development Labs  The decision follows other moves by the IT services and hardware vendor  to embrace LInux.,3,66542
213,"Blair #39;s pledge on Hassan worries her colleagues BAGHDAD - Iraqi colleagues of kidnapped aid worker Margaret Hassan say they are deeply worried that Tony Blair #39;s repeated pledge to  #39;save #39; her is, in fact, putting her life in increased danger.",0,66855
214,Darfur Rebels Say Peace Talks Delayed (Reuters) Reuters - Rebels from Sudan's troubled Darfur\region said a new round of peace talks on Thursday would be\delayed by two days because of logistical problems with sending\their delegation to the Nigerian capital Abuja.,0,67168
215,Australia red-faced BUOYANT New Zealand captain Stephen Fleming was relieved to have enlivened a dormant summer after his Black Caps conjured a stunning four-wicket win against Australia in the opening ,1,67481
216,"Annan Backs Stem Cell Studies, Differs with Bush UN Secretary-General Kofi Annan on Thursday endorsed scientific studies that involve the cloning of human embryos, differing with the Bush administration #39;s push for a treaty to ban such research.",3,67794
217,"Intel Cancels Plan to Enter Digital TV Chip Market (Reuters) Reuters - Intel Corp.  on Thursday\said it has scrapped plans to enter the digital television chip\business, marking a retreat from a major component of its\consumer electronics initiative.",3,68107
218,"Yankees GM knows his next mission Told his job is safe for now, Cashman will seek answers to team #39;s pitching collapse. By Mike Fitzpatrick. NEW YORK -- Brian Cashman #39;s job is safe -- at least for now.",1,68420
219,"Gunmen ambush Iraq airline staff; UK to move troops Gunmen opened fire Thursday on a bus carrying female employees of Iraqi Airways to the Baghdad airport, killing one woman and wounding 14 others, an airline official said.",0,68733
220,"Siebel Systems Delivers Q3 Profit (NewsFactor) NewsFactor - Siebel (Nasdaq: SEBL) topped expectations in its \third-quarter earnings results, registering a profit, higher sales and an increase in software-license revenue from the previous quarter.",3,69046
221,"Common Sense Investing If the Sun Belt is where the growth is, then Southern Company is a place to be.",2,69359
222,"Baird leads Lehman by 1 as Singh fades at Disney Tom Lehman, winless for almost five years, kept himself in weekend contention with a 6-under 66 Friday on the Magnolia course at the Funai Classic at Disney in Lake Buena Vista, Calif.",1,69672
223,"Tom Lehman and Briny Baird tied for lead; Stephen Ames four &lt;b&gt;...&lt;/b&gt; LAKE BUENA VISTA, Fla. (CP) - Tom Lehman and Briny Baird are tied for the lead, and Stephen Ames of Calgary is only four shots behind going into the final round of the Funai Classic golf tournament.",1,69985
224,"5-0 Jets meet streaking Pats in AFC East showdown Matchups like this come along as often as the Red Sox go to the World Series, meaning only a few times every century. The Jets-Patriots showdown today at Gillette Stadium marks only ",1,70298
225,Powell arrives in Beijing for talks Secretary of State Colin Powell arrived Sunday in Beijing for a two-day visit after holding talks in Tokyo. China expects  quot;to have an extensive exchange of views quot; with the ,0,70611
226,"Human genes estimate falls to 20,000-30,000 A new and perhaps final report from the international consortium of laboratories that decoded the human genome has revised the estimated number of human genes sharply downward.",3,70924
227,"Majestic Moya Wins Davis Cup for Spain  SEVILLE, Spain (Reuters) - A majestic Carlos Moya tamed  world No. 2 Andy Roddick, 6-2, 7-6, 7-6, Sunday to clinch the  Davis Cup for Spain.",1,71237
228,"Els Stays Away as Valderamma Loses Its Sparkle  London (Reuters) - The finale to the European golf season,  the Volvo Masters, will be fought out this week without  money-list winner-elect Ernie Els.",1,71550
229,"Oil Ends Lower, Norway to End Strike  NEW YORK (Reuters) - World oil prices ended lower on Monday  despite notching a record high earlier in the day as the  Norwegian government moved to end an oil workers' labor dispute  that threatened shipments from the world's third largest  exporter.",2,71863
230,"Jags turnaround has them in first place in AFC South Their are several reasons the Jacksonville Jaguars have gone from 1-6 at this time a year ago to their current 5-2 record, The answer given by most players is just one word: confidence.",1,72176
231,"Jets: Too soon to anoint Pennington As Bill Parcells would say,  quot;Don #39;t put him in Canton just yet, fellas. quot;. As in Canton, Ohio, home of the Pro Football Hall of Fame.",1,72489
232,Musharraf Kashmir plan: Your reaction President Pervez Musharraf #39;s proposals to solve the Kashmir dispute has been called a  quot;betrayal quot; by opposition groups in Pakistan.,0,72802
233,"Via Develops Twin-Core Processor Processor could steal spotlight from AMD, Intel's forthcoming dual-core chips.",3,73115
234,Mac supercomputer speeds up A Virginia Polytechnic Institute and State University supercomputer running processors for Apple Inc. Mac computers now operates at 12.,3,73428
235,Hard drives to accelerate into gadgets A report predicts one third of all hard drives will be in consumer electronics devices by 2008.,3,73741
236,"The Tax Man May Bite  NEW YORK (Reuters) - Stocks may come under pressure this  week as investors sell shares at year's end to prepare for tax  season. But crude oil prices, earnings outlooks and moves in  the dollar will also be closely watched.",2,74054
237,"Kerry Promises 'A More Balanced' NASA (SPACE.com) SPACE.com - WASHINGTON -- One week before the U.S. elections, \Democratic presidential candidate Sen. John Kerry (D-Mass.) is blasting \President George W. Bush's space exploration vision as a purely political \stunt that threatens to gut other NASA programs.",3,74367
238,"Earth to see total eclipse of the moon Trick-or-treaters can expect an early Halloween treat on Wednesday night, when a total lunar eclipse makes the moon look like a glowing pumpkin.",3,74680
239,"Ballmer: Windows TCO the way to go (InfoWorld) InfoWorld - In the face of growing competition from Linux, Microsoft CEO Steve Ballmer delivered a four-page memo to customers on Wednesday outlining the economic and security advantages Windows has over Linux, the potential dangers of open source involving indemnification, and the intent to aggressively convince Unix shops to migrate to Windows.",3,74993
240,"Soyuz Capsule Lands on Kazakhstan Steppe A Russian-US crew returned to Earth from the international space station Sunday in a pinpoint landing on the Kazakhstan steppe, and NASA #39;s chief said the United States ",3,75306
241,"Shell buoyed by hopes for heftier index weighting Shares in Royal Dutch/Shell have risen in Amsterdam and London, lifted by speculation that investors will increase their holdings in the stock to reflect its unified structure.",2,75619
242,"Russia postpones test launch of new booster rocket Russia has postponed the test launch of a new booster rocket scheduled for Friday, the Defense Ministry said Thursday. The launch of the Soyuz-2 medium-size rocket from Russia #39;s ",3,75932
243,"Ballmer Takes Anti-Linux Campaign to IT Executive E-mail List Microsoft CEO Steve Ballmer took the company #39;s anti-Linux campaign to its IT executive e-mail list on Wednesday afternoon, with a 2,600-word message that restated Microsoft #39;s well-worn case against open source software.",3,76245
244,"Banks Begin Paperless Check Clearing Oct. 28 - New banking rules usually go unnoticed by consumers, but a change going into effect today is going to cost consumers plenty.",2,76558
245,"As Drama Plays Out, Arafat's Neighbors Express Sorrow, Fear RAMALLAH, West Bank, Oct. 28 -- No crowds of well-wishers massed Thursday outside the Mukata, the mostly ruined compound where Yasser Arafat has been confined for the past two years. Only a throng of reporters assembled, peering through the smoked windows of sedans carrying officials to a frail old man who still embodies the national aspirations of many Palestinians.",0,76871
246,We May Not Be the Only Humans on Earth A 3ft tall  #39;hobbit #39; discovered on a remote Indonesian island has raised the extraordinary possibility that our human species might not be alone on Earth.,3,77184
247,"Secret Service Busts Cyber Gangs The US Secret Service Thursday announced arrests in eight states and six foreign countries of 28 suspected cybercrime gangsters on charges of identity theft, computer fraud, credit-card fraud, and conspiracy.",3,77497
248,More Voter Supression Rules \\I love these NeoCon vote supression rules.  They're *sooooo* cute!\\I have some more:\\ - If you've ever traveled outside of the US you can't vote.\\ - If you have a graduate degree you can't vote.\\ - If you make less than 6 figures you can't vote\\ - If you can spell Nuclear and pronounce it correctly then you can't vote.\\ - If you haven't accept Jesus as savior then you can't vote.\\ - If you've never ordered anything from Bass Pro Shops then you can't vote.\\This is fun... if you can think of anymore please add a comment!\\,3,77810
249,Tom Online Cuts Revenue Guidance Tom Online (TOMO:Nasdaq - news - research) sank Friday after slashing its third-quarter revenue guidance. The company warned that it expects sales for the third quarter ended Sept.,2,78123
250,"Sharon says ready to negotiate with new Palestinian leader Israeli Prime Minister Ariel Sharon said Sunday that he was prepared to start negotiations with a new responsible Palestinian leader after Arafat #39;s departure, the Ha #39;aretz daily reported.",0,78436
251,"Steelers end Patriots #39; winning run The Pittsburgh Steelers ended the New England Patriots #39; remarkable 21-game winning streak with a 34-20 victory. Rookie Ben Roethlisberger was the Steelers #39; hero, throwing for 196 yards and two touchdown passes.",1,78749
252,"CASTING ITS  #39;NET DoubleClick, the one-time darling of dot-com advertising, is on the block, The Post has learned. DoubleClick, which has seen its fortunes steadily decline since the Internet ",2,79062
253,Big Sam Slams Souey Slur Bolton manager Sam Allardyce rounded on his Newcastle counterpart Graeme Souness tonight for criticising their style of play. Allardyce saw his unsung side reclaim fourth spot in the table after a 2-1 victory at the Reebok Stadium.,1,79375
254,"Lakers to see early returns The rest of the nation can monitor the presidential election tonight, to see which states go red and which states go blue, to count up electoral college votes, to watch for a concession speech that may not come for days.",1,79688
255,Filmmaker Who Criticized Islam Slain A filmmaker who was the great-grandnephew of the painter Vincent Van Gogh was shot and stabbed to death on an Amsterdam street Tuesday after receiving death threats over a movie he made criticizing the treatment of women under Islam.,0,80001
256,"ELLIOTT BAGS BOTH STAKES AT THE BIG A Jockey Stewart Elliott made a successful visit to Aqueduct as he swept both stakes on the Election Day card. Elliott, who came to prominence as the regular jockey of 2004 ",1,80314
257,For Sale: Cisco Firewall Source Code A group that earlier this year offered for sale the source code of a popular intrusion detection system now is selling what it says is a copy of the source code for a recent version of Cisco Systems Inc.,3,80627
258,"Juventus, Lyon qualify from group stage in Champions League Juventus and Olympique Lyon became the third and fourth teams to reach the knockout stage of the European Champions League on Wednesday.",1,80940
259,No change for euro interest rates The European Central Bank has kept eurozone interest rates unchanged at 2 for the seventeenth consecutive month. The decision came amid worries about the economy in the 12-nation eurozone.,2,81253
260,Capriati and Molik advance at Advanta Championships VILLANOVA (Pennsylvania): Third-seeded Maria Sharapova of Russia moved into the quarter-finals of the Advanta Tennis Championships on Wednesday when Jelena Kostenic of Croatia was forced to retire in the third set because of a strained groin.,1,81566
261,"Trio of Hot New Games Victimized by Piracy (AP) AP - A month before the video game's scheduled release this coming Tuesday, illegal copies of the hot sci-fi action title ""Halo 2"" were already circulating on the Internet. It's had a lot of company lately.",3,81879
262,"Nokia Says Handset Market to Slow, Share to Rise  NEW YORK/HELSINKI (Reuters) - Nokia &lt;A HREF=""http://www.reuters.co.uk/financeQuoteLookup.jhtml?ticker=NOK1V.HE qtype=sym infotype=info qcat=news""&gt;NOK1V.HE&lt;/A&gt;, the world's  largest mobile phone maker, expects slowing mobile phone growth  in 2005 but plans to launch more phones next year and regain  lost market share, the company said on Thursday.",3,82192
263,"IBM set to take supercomputing crown A new incarnation of Blue Gene/L can perform 70.7 trillion calculations per second, IBM says.",3,82505
264,Black Watch relatives call for UK troop withdrawal Several relatives of British soldiers killed in Iraq this week have called on their Government to withdraw all troops from the country.,0,82818
265,"Ivory Coast troops clash with rebels  ABIDJAN, Ivory Coast -- Rebel fighters clashed with government troops, and warplanes struck rebel positions in the north yesterday, escalating hostilities a day after army hard-liners broke a cease-fire and relaunched Ivory Coast's civil war after more than a year of relative peace.",0,83131
266,"Bush Vows to Reach Out to Democrats (AP) AP - President Bush is striking twin themes for a second term, vowing to fight hard for his political agenda while reaching across the aisle to Democrats.",0,83444
267,"Mourning, and glory AVONDALE, Ariz. -- What should be a joyful and hopeful time for Jimmie Johnson has instead been bittersweet.",1,83757
268,"Chargers rain on Saints parade The San Diego Chargers won convincingly for the second straight week, beating the New Orleans Saints 43-17 with sporadic rain drops raining down.",1,84070
269,Redskins top Lions (11/08/04) The Washington Redskins grabbed a 17-to-10 win over the Detroit Lions at Ford Field. Clinton Portis ran for 147 yards on 34 carries and threw a tiebreaking touchdown pass.,1,84383
270,"NHL's Kovalev Bolsters Already Potent Kazan Lineup  KAZAN, Russia (Sports Network) - Russian forward Alexei  Kovalev is the latest locked out National Hockey League player  to head abroad, as he signed on to play for AK Bars Kazan.",1,84696
271,"Bears waive Gandy, activate Colombo Chicago Bears offensive lineman Mike Gandy was waived Monday after starting five games for the team this season and 30 over the past three seasons.",1,85009
272,"Another Buddhist Beheaded in Thai South Revenge  BANGKOK (Reuters) - Suspected Muslim militants beheaded an  elderly man in Thailand's south in revenge for the deaths of 85  Muslim protesters last month, the second Buddhist decapitated  in a week, police said on Tuesday.",0,85322
273,"Race on to Build Fiber Optic Networks - Alvarion  TEL AVIV (Reuters) - Broadband services using fiber optic  networks are expected to grow in the coming years with the race  now on among companies to develop this technology, the chairman  of Israel's Alvarion Ltd. &lt;A HREF=""http://www.reuters.co.uk/financeQuoteLookup.jhtml?ticker=ALVR.O qtype=sym infotype=info qcat=news""&gt;ALVR.O&lt;/A&gt; said on Tuesday.",3,85635
274,Desktop Linux: The Final Hurdles I remember the major turning point that took Linux from an OS that Microsoft used to call competition during their anti-trust case to a serious commercial operating system.,3,85948
275,"British grand prix thrown a lifeline The British grand prix may, after all, be on next year #39;s calendar after a dramatic development yesterday as nine of the 10 formula one teams agreed to cost-cutting measures that could allow the race to take place on July 3.",1,86261
276,"States may rethink terms Though California regulators have signed off on the merger between WellPoint Health Networks Inc. and Anthem Inc., states that had approved the deal months ago may raise new concerns based on the settlement terms here.",2,86574
277,Sarkozy defends French backing for Alstom CBI director general Digby Jones yesterday clashed with French finance minister Nicolas Sarkozy over the state-backed rescue of one of France #39;s biggest industrial companies.,0,86887
278,Computer Sciences lands \$52 million biometrics deal Contract with Department of Defense is part of homeland security boom.,3,87200
279,"Alabama A amp;M coach is in game of his life In another time and place, a spot in the Coaches vs. Cancer Classic would have been about an opportunity for Alabama A amp;M of the Southwestern Athletic Conference to gain exposure and build upon last season #39;s 13-17 record.",1,87513
280,"Fungus poses soybean threat A fungus capable of damaging soybean crops has arrived in the United States for the first time, causing concern among northeast Indianas agriculture industry that the fungus could spread here as soon as next summer.",2,87826
281,"German economic recovery slows down LONDON, November 11 (newratings.com) - Germany witnessed a slowdown in its economic growth momentum during the third quarter this year, with the nation #39;s GDP growth rate declining to 0.1 from the relatively robust growth rate of 0.4 in the first two ",2,88139
282,Oracle #39;s  #39;best and final #39; offer rejected PeopleSoft #39;s (PSFT) board Wednesday rejected Oracle #39;s (ORCL)  quot;best and final quot; hostile takeover bid worth about \$8.,2,88452
283,South Korea #39;s LG to file suit to nullify Matsushita PDP patents in &lt;b&gt;...&lt;/b&gt; SEOUL : South Korea #39;s LG Electronics will take action in a Japanese court to nullify patents on display panel technology held by Matsushita Electric Industrial Co.,3,88765
284,"Santana Unanimous Pick for AL Cy Young As joyous fans celebrated by honking car horns in Caracas, Johan Santana sounded overwhelmed. He became the first Venezuelan to win a Cy Young Award, and not only that, he was a unanimous choice.",0,89078
285,"PeopleSoft, Oracle: Like Red Sox vs. Yankees? PeopleSoft shareholders have rejected Oracle #39;s  quot;final quot; offer for the company, but could Oracle make a comeback? The board is hoping it can hold off its rival for just a few more innings.",2,89391
286,"Mexico announces historic rain forest plan Mexico and a US environmental group agreed on a plan to protect 370,000 acres of tropical forest on the Yucatan Peninsula in what officials said Friday was the largest conservation project in the country #39;s history.",3,89704
287,KUEHNE AND SLUMAN MAKE FORWARD MOVE Hank Kuehne and Jeff Sluman combined to fire a 10-under-par 62 and join Steve Flesch and Justin Leonard at the head of the Franklin Templeton Shootout leaderboard.,1,90017
288,NBA Wrap: Lakers Rally to Beat Rockets Lamar Odom supplemented 20 points with 13 rebounds and Kobe Bryant added 19 points to overcome a big night from Yao Ming as the Los Angeles Lakers ground out an 84-79 win over the Rockets in Houston Saturday.,1,90330
289,"Basque separatists signal end to 35 years of conflict Spain #39;s banned Batasuna party, widely considered the political mouthpiece of the armed Basque separatist group Eta, offered last night to open a process of negotiations and dialogue to achieve peace in the Basque country.",0,90643
290,Microsoft's Search  Falls Far Short of Google's Google engineers must have breathed a sigh of relief Thursday when rival Microsoft Corp. rolled out a new search engine that proved glitchy and failed to wow reviewers.,3,90956
291,"Factories ship fewer goods in September The value of goods shipped from Canada #39;s factories fell by 0.6 per cent in September, Statistics Canada reported Monday, a decline that came as a surprise to analysts who were expecting a slight gain.",2,91269
292,"Londons chances improve LONDON, Nov. 15. - Britains middle distance great Sebastian Coe, chairman of the London 2012 bid committee, insisted that the English capital has closed ground on leading rivals Paris and Madrid in its bid to host the Olympic Games.",1,91582
293,"Debt Doubles at Agency that Insures Pension Plans The federal agency that insures pension plans said yesterday that its deficit, already at the highest in its history, had doubled in its last fiscal year, to \$23.",2,91895
294,"Bermuda Firm Is Subpoenaed in Inquiry Into Insurers Ace Ltd., a big Bermuda insurer, is being investigated for its role in selling insurance that can smooth out volatile earnings.",2,92208
295,"Investors Sell Retailers, Stocks Fall  NEW YORK (Reuters) - Stocks fell on Tuesday, led by  declines in retail shares and news of a larger-than-expected  rise in U.S. producer prices last month that heightened  concerns of inflation and rising interest rates.",2,92521
296,"Take Firm Stand Against Chinese Incursions A nuclear submarine that recently intruded into Japanese waters has been confirmed as belonging to the Chinese Navy. On Friday, the government lodged a strong protest with China over its submarine #39;s incursion ",0,92834
297,"Colombia Rebels Kill 9 Officers in Ambush (AP) AP - Leftist rebels ambushed a police convoy Tuesday in northeastern Colombia, killing at least nine officers and wounding three others, authorities said. A 10th policeman was killed in a separate incident.",0,93147
298,"Vivendi Ups Forecast After Strong Quarter (Reuters) Reuters - France's largest media company, Vivendi\Universal, raised its 2004 earnings forecast as it reported a\19 percent increase in third-quarter underlying operating\profit, buoyed by a rebound in music and strong mobile phone\sales.",3,93460
299,"No. 7 Louisville Pummels Tulane, 55-7 (AP) AP - Stefan LeFors, who played high school ball in nearby Baton Rouge, threw for one touchdown and ran for another to lead No. 7 Louisville to a 55-7 victory over Tulane on Saturday.",1,93773
300,"Moscow details its 2012 Olympic bid Moscow has promised tight security, more than a dozen new sports facilities, mid-range hotel rooms and improvements in the city #39;s smog-belching traffic if it hosts the 2012 Olympic Games.",1,94086
301,"""Halo 2"" goes AWOL As if it wasn't tough enough being a soldier these days, the Army and Air Force Exchange Service has run out of copies of ""Halo 2."" Missing Links",3,94399
302,"2012 Olympics bids could hinge on politics, economics The fat  quot;Bid Books quot; for the 2012 Summer Olympics are in the money-grubbing hands of the International Olympic Committee.",1,94712
303,Exiles Add to Claims on Iran Nuclear Arms An opposition group said Iran bought blueprints for a nuclear bomb and obtained weapons-grade uranium on the black market.,0,95025
304,"WebMasterWorld Conference Coverage WebMasterWorld Conference Coverage\\I just wanted to let everyone know that I will be attending the WebmasterWorld's Conference. I hope to be able to provide the conference coverage I have in the past for this conference, I actually plan on it, so stay tuned. The conference begins tomorrow morning and ends ...",3,95338
305,W3C highlights Mobile Web Initiative at workshop Group seeks to make Web access for mobile device users as easy as it is for desktop users.,3,95651
306,"This weekend on TV, radio TODAY AUTO RACING 1:30 p.m. -- NASCAR Nextel Cup Ford 400 qualifying at Homestead, Fla., Speed Channel 3 p.m. -- NASCAR Craftsman Trucks Ford 200 at Homestead, Fla., Speed Channel COLLEGE BASKETBALL/MEN 5 p.m. -- Marist Classic at Poughkeepsie, N.Y.: Northeastern vs. Birmingham Southern, WRBB-FM (104.9) 7 p.m. -- Coaches vs. Cancer Classic third-place game at New York, ESPN2 7:30 ...",1,95964
307,"Tiger Takes A Stand On Ryder Cup Politics Tiger is upset that his buddy Mark O #39;Meara got passed over as 2006 Ryder Cup captain. Instead, PGA America picked Tom Lehman. Woods says that Lehman is a good choice but would be a good choice four years from ",1,96277
308,"Sharon, now a dear old softy, can only detract from Palestinian &lt;b&gt;...&lt;/b&gt; Israeli Prime Minister Ariel Sharon is not known for a kindly disposition toward the Palestinians, nor for a gentle approach to the issue of a Palestinian state.",0,96590
309,"Chile Police Clash With Summit Protesters More than 25,000 protesters marched through downtown Santiago on Friday, demonstrating against an economic summit of Pacific Rim leaders, the attendance of President Bush and the U.S.-led war in Iraq. Protests elsewhere turned violent and dozens were arrested.",0,96903
310,"Spurrier Keeps Quiet About S. Carolina Job (AP) AP - Steve Spurrier declined to talk about replacing the retiring Lou Holtz at South Carolina on Saturday, saying only he feels as if he has some coaching left in him and that nothing was official.",1,97216
311,"World #39;s oldest man dies at 113 NEW YORK -- Fred Hale Sr., the oldest man in the world, according to the Guinness Book of Records, has died less than two weeks shy of his 114th birthday.",1,97529
312,"Yuan peg to ease  #39;in stability #39; CHINESE President Hu Jintao told his US counterpart George W. Bush that Beijing planned to loosen the yuan #39;s decade-old peg to the dollar, but only under stable economic conditions, an official said.",2,97842
313,"Bush Job Plan Features Tax Cuts, Drilling (AP) AP - Hiring is picking up and President Bush is on track to preside over job growth in his second term, shedding the Herbert Hoover label of being the first president since the Great Depression to lose jobs under his watch. But don't expect a revival of the booming 1990s.",0,98155
314,"Bush Touts U.S.-Backed Anti-Drug Efforts (AP) AP - President Bush aims to highlight the benefits of American drug-fighting aid in Colombia and boost a conservative Latin American leader with a brief, security-laden stop in the Andean nation.",0,98468
315,"Police and FA to investigate racism allegations at Blackburn London, England (Sports Network) - Just four days after racist chants marred a friendly between England and Spain, Birmingham City says striker Dwight Yorke was racially abused during a match at Blackburn on Sunday.",1,98781
316,"Trump Goes For Broke He may be the star of a hit reality series, a best-selling author and a crack businessman to boot, but even Donald Trump has cash flow problems from time to time.",2,99094
317,"Briefs: US firms buy Baring Asset unit ING Groep, the largest Dutch financial services company, agreed Monday to sell London-based Baring Asset Management to two US buyers.",2,99407
318,"Pacers Season Tossed Into Doubt (AP) AP - After receiving some of the harshest penalties in NBA history for one of the worst brawls in U.S. sports history, the Indiana Pacers' deep and talented roster has been reduced from a title contender to rubble.",1,99720
319,"Eisner testimony countered Walt Disney Chairman George Mitchell said he was asked to become company president before the job was offered to Michael Ovitz, disputing testimony by CEO Michael Eisner.",2,100033
320,"Dechy, Golovin put France up 2-0 on Spain after singles MOSCOW -- Nathalie Dechy and Tatiana Golovin gave France a comfortable 2-0 lead in its Fed Cup semifinal against Spain after winning their opening singles Wednesday.",1,100346
321,"Casino pays \$28,000 for Holy toast An internet casino has purchased a grilled cheese sandwich on eBay that bears the image of the Virgin Mary. Despite being 10 years old and having one bite taken out of it, the slice of Heaven has, perhaps miraculously, stayed free of mould.",3,100659
322,"Blazers win 11th straight over Magic Playing their second game in as many nights in the opposite corner of the country, the Portland Trail Blazers fell behind early and then rallied to complete a Florida sweep.",1,100972
323,"Ageing time-tomb brings budget angst How #39;s your health? Feeling well? Expecting to live to a ripe old age? If the answers are yes, then economically speaking, you #39;re not helping.",2,101285
324,"Analysts want Ambani brothers to come clean on the ownership issue &lt;b&gt;...&lt;/b&gt; Business India: Mumbai, Nov 25 : A rift between the Ambani brothers who run the country #39;s business conglomerate - the Reliance Group - today spilled into the board room of power utility Reliance Energy Ltd.",2,101598
325,8 Slashed to Death in Chinese High School The unexplained attack is the latest and most serious in a series of such knifings that have alarmed the Chinese public and led police to reinforce security at schools and day-care centers.,0,101911
326,"Split Could Cost Iraqi Shiites Politically (AP) AP - As Iraq's Sunni Muslims ponder boycotting the Jan. 30 election and some press for a delay, the majority Shiite Muslims face another threat to their expected victory: a split in Shiite ranks that could cost them the chance to dominate the next parliament.",0,102224
327,"I helped free hostages, says ex-BBC cameraman A Kabul-based British hotelier and former BBC cameraman says that he acted as a go-between when a 830,000 ransom was offered to secure the release of three UN workers kidnapped in Afghanistan.",0,102537
328,Kostelic grabs 20th World Cup victory The same three smiling faces that stacked the podium following Fridays World Cup giant slalom were back on top Saturday after the first of two womens slalom races on Aspen Mountain.,1,102850
329,UPDATE 1-Briton Dodd wins maiden title in China Britain #39;s Stephen Dodd fired a four-under-par 68 to clinch his maiden European Tour title with a three-shot victory at the China Open on Sunday.,1,103163
330,UPDATE 2-Real crush Levante with second half goal salvo Real Madrid gave a stunning exhibition of finishing power to crush Levante 5-0 at the Bernabeu in the Primera Liga on Sunday. The home side had struggled to impose ,1,103476
331,"Indiana kicks aside Eagles BLOOMINGTON, Ind. -- Josh Tudela headed in a corner kick from Brian Plotkin in the 41st minute, lifting defending national champion Indiana to a 1-0 NCAA Division 1 soccer tournament win over Boston College yesterday.",1,103789
332,"Iran Uranium Program Resolution Passed Iran escaped U.N. censure over its nuclear program but Washington, which accuses it of seeking an atomic bomb, said on Monday it reserved the right to take the case to the Security Council on its own.",0,104102
333,"Progress made, but much to do to reach mine-free world, summit &lt;b&gt;...&lt;/b&gt; NAIROBI : Much has been done to rid the world of landmines since a ban was born in 1997, but major challenges, many of them financial, must be overcome to wipe the devices off the planet, a conference in Nairobi heard.",0,104415
334,Body of NBC Official's Son Is Believed Found in Crash The body of a teenager believed to be the son of Dick Ebersol was found Monday in the wreckage of a corporate jet that crashed during takeoff.,1,104728
335,Smith expected to be unveiled by Scotland The SFA have tried to play down speculation Smith (right) had been offered the job on Monday but his appointment would come as little surprise.,1,105041
336,"PM Lee hopes ASEAN will be an Economic Community before 2020 VIENTIENE, Laos: Prime Minister Lee Hsien Loong hopes ASEAN will be able to bring forward the deadline to become an Economic Community before 2020.",0,105354
337,"Hornets' Magloire fined for throwing ball at coach (AFP) AFP - New Orleans Hornets center Jamaal Magloire, who is expected to miss three months of the National Basketball Association season with a dislocated finger, will have to find a way to open his wallet.",1,105667
338,"New Zealand announces initiatives to build links with ASEAN The New Zealand government has agreed to a range of initiatives to build closer ties with the Association of South East Asian Nations (ASEAN), Prime Minister Helen Clark announced Wednesday.",0,105980
339,Harbhajan has South Africa in spin Off-spinner Harbhajan Singh ran through the South African top order to give India a whiff of victory on the fourth day of the second test in Calcutta on Wednesday.,1,106293
340,"No Jeopardy for Jackson Hewitt H R Block rival Jackson Hewitt waits for the tax season, and profits, to arrive.",2,106606
341,"Philips to Nearly Double China R amp;D Staff Dutch electronics firm Philips said on Wednesday it plans to almost double its research and development staff in China to 1,300 over the next 2 years, underscoring the country #39;s growing clout as a technology center.",3,106919
342,"Diplomats: U.N. Lacks Right to Inspect Sites in Iran (Reuters) Reuters - Inspectors from the U.N. nuclear\watchdog would like to visit a military complex in Iran that an\exile group said housed a nuclear weapons site, but they lack\the legal authority to go there, U.N. diplomats said.",0,107232
343,"Sun, Microsoft Say Alliance Paying Off for Interoperability Microsoft and Sun Microsystems say that eight months into their 10-year cooperative alliance, dividends are already being paid in the form of increased interoperability of their products.",3,107545
344,Baer Understands Challenges of ND Coach (AP) AP - Kent Baer knows he has a difficult task as Notre Dame's interim head coach.,1,107858
345,"Fund Raising by Candidates, Parties (AP) AP - Fund raising and spending in the 2003-04 election cycle by President Bush, Democratic rival John Kerry and national party committees:",0,108171
346,"Forecaster Sees Fewer Atlantic Hurricanes in 2005 (Reuters) Reuters - Next year's Atlantic hurricane season\will again be more active than usual but is unlikely to be a\repeat of this year's disaster, a noted storm forecaster said\on Friday.",3,108484
347,"Dominick Guinn and Serguei Liakhovich heavyweight quotes Ballys Atlantic City, in association with Main Events, will present a sensational fight card highlighted by featherweights Rocky Juarez vs.",1,108797
348,"Nintendo DS Sales Get Good Start in US, Japan Nintendo has played down the threat from Sony, saying that Nintendo #39;s strength lies in software and the ability to make games that are easy and fun.",3,109110
349,"Meyer Begins New Era in Florida Football GAINESVILLE, Fla. Dec 7, 2004 - Urban Meyer #39;s eyes widened as he looked around Ben Hill Griffin Stadium. He saw references to the school #39;s six Southeastern Conference titles, two Heisman Trophy winners and the 1996 national championship.",1,109423
350,"Washington list shrinks Boston College football coach Tom O'Brien yesterday emerged as one of two strong candidates for the University of Washington's vacancy after Louisville coach Bobby Petrino and Boise State coach Dan Hawkins, both thought to be on Pac-10 school's short list, removed themselves from consideration.",1,109736
351,"Experts: Men Distort Religion to Justify 'Honour' Killings  STOCKHOLM (Reuters) - Men all over the world distort the  teachings of Islam and Christianity to justify abusing their  wives and daughters, leading to thousands of ""honor"" killings a  year for which courts provide virtual impunity, experts say.",0,110049
352,"Justices wade into wine sales Doug LaVelle, owner of Elmira-based LaVelle Vineyards, says his winery and customers would benefit tremendously if he could ship wine directly to consumers in all 50 states.",2,110362
353,NVidia Will Supply Graphics Chip for New PlayStation NVidia will supply the graphics chip for the successor to the PlayStation 2 games console being developed by Sony Computer Entertainment Inc.,3,110675
354,"IBM Reassures Workers After Milestone Deal IBM will sell its once vaunted personal computer business to Lenovo Group Ltd., the leading computer maker in China.&lt;FONT face=""verdana,MS Sans Serif,arial,helvetica"" size=""-2"" color=""#666666""&gt;&lt;br&gt;&lt;B&gt;-The Washington Post&lt;/b&gt;&lt;/font&gt;",3,110988
355,Car bomber hits central Baghdad A suicide bomber blows up his car near the party headquarters of interim Iraqi Prime Minister Iyad Allawi.,0,111301
356,"Cheetham shadows Els Bruce McDonald, a little-known Zimbabwean, took the first-round lead on 66 in the European Tour #39;s Dunhill Championship at Leopard Creek Country Club.",1,111614
357,"Sale nearly set for NBAs Cavaliers Get INQ7 breaking news on your Smart mobile phone in the Philippines. Send INQ7 BREAKING to 386. CLEVELAND, Ohio, United States of America -- Cleveland Cavaliers owner Gordon Gund is involved in contract talks ",1,111927
358,"Winn-Dixie forces out president In a surprise shake-up, struggling supermarket chain Winn-Dixie Stores Inc. of Jacksonville forced out president and chief executive Frank Lazaran and named Peter L. Lynch, a former Albertsons Inc.",2,112240
359,"Summary Box: Delphi Corp. prepares for tough start to 2005 THE SITUATION: Squeezed by rising materials and health care costs and lower vehicle production, No. 1 auto supplier Delphi Corp. plans to cut 8,500 jobs worldwide next year after eliminating more than 9,000 in 2004.",2,112553
360,"Nextel, Sprint Discuss Merger You didnt read it here first, but its worth noting: Nextel has unique technology that lets them serve businesses who need push-to-talk quite well, but itsa mess of spectrum and ",2,112866
361,Wenger stab at Mourinho Arsenal boss Arsene Wenger insisted he is not surprised by Jose Mourinho turning Chelsea into title contenders - as Claudio Ranieri had already laid the foundations for success.,1,113179
362,"NBA: Pistons Down Celtics, Wizards Beat Hawks  AUBURN HILLS, Mich. (Sports Network) - Rasheed Wallace  racked up 23 points and 12 rebounds and five other Detroit  players scored in double-figures as the Pistons cruised to a  100-88 victory over Boston at the Palace at Auburn Hills.",1,113492
363,Four die in bombing of Israeli checkpoint At least four Israeli soldiers were killed and eight wounded on Sunday in a Palestinian bomb attack on an Israeli checkpoint at the Rafah border terminal on the southern Gaza Strip border with Egypt.,0,113805
364,China to Impose Tariffs on Some Textiles  BEIJING (Reuters) - China will impose tariffs on some  textile exports in a move that may ease frictions with the  United States and others over an expected flood of Chinese  products on world markets after a global quota system expires  at year's end.,2,114118
365,"Delta 4 Liftoff Delayed For At Least Week CAPE CANAVERAL -- Weather and technical conflicts scrapped three planned attempts this weekend to launch the first Delta 4 Heavy from Cape Canaveral Air Force Station, according to a report.",3,114431
366,France pulls plug on Arab network A French court upholds complaints of anti-Semitism against a Lebanese TV station and orders it off the air.,0,114744
367,"Dollar Inches Lower Ahead of U.S. Data  TOKYO (Reuters) - The dollar edged lower on Tuesday as  traders bunkered down ahead of a U.S. interest rate decision  and, later in the week, current account data that could  underscore bearish sentiment on the currency.",2,115057
368,Players wary of settling There is no magic number except for that countdown to Christmas. There are no banners for league titles won in November and December.,1,115370
369,"Toshiba Announces iPod-Ready 80GB Mini Drive Toshiba Corp. announced Tuesday a 80 gigabyte (GB), 1.8-inch hard drive that will set off speculation of a new, higher capacity Apple iPod models later in 2005.",3,115683
370,"United reaches tentative deal with pilots United Airlines, the bankrupt carrier, on Tuesday made its first progress in efforts to achieve a second round of labour cost cuts when it said it had reached a tentative agreement ",2,115996
371,"Iraq to Try Saddam Aides in Election Run-Up  BAGHDAD (Reuters) - Iraq will put some of Saddam Hussein's  top lieutenants on trial next week, a month before a national  election many hope will lay the ghosts of his rule, interim  Prime Minister Iyad Allawi said Tuesday.",0,116309
372,"Mortgage Applications Fell Last Week--MBA (Reuters) Reuters - Applications for U.S. home mortgages\declined last week as refinancing activity fell and mortgage\rates were little changed, an industry group said on Wednesday.",2,116622
373,Phonak appeals license refusal GENEVA -- The Phonak cycling team wants to overturn a decision in which its racing license was denied because of a doping scandal.,1,116935
374,"Airlines may incur US\$5bil loss this year GENEVA: International airlines are heading for a near US\$5bil loss this year, largely due to the rise in oil prices, the industrys global body said on Tuesday.",2,117248
375,"College Basketball: Georgia Tech, Wake Forest Win  ATLANTA (Sports Network) - Isma'il Muhammad scored a  team-high 14 points, Jarrett Jack added 13 and third-ranked  Georgia Tech rolled over James Madison, 72-47, in a non-league  tilt at the Alexander Memorial Coliseum.",1,117561
376,Netherlands CSM Sells Candy Operations Dutch bakery ingredients company CSM NV said Thursday it will sell its candy business to investment company CVC Capital Partners Ltd.,2,117874
377,"IDC: Linux Market Will Surpass \$35 Billion by 2008 The combined worldwide market for desktops, servers and packaged software running on Linux is forecast to grow at a 2003-2008 compound annual growth rate of 25.9 percent worldwide, reaching \$35.7 billion by 2008.",3,118187
378,Many Now Worry AIDS Drug Will Be Halted (AP) AP - Doctors and AIDS activists in Africa are worried governments may halt use of an AIDS drug that has protected thousands of babies from HIV infection in reaction to concerns about the drug's testing and effect on pregnant women.,0,118500
379,"New Zafi-D Worm on the Prowl, Alerts MicroWorld MicroWorld Software has cautioned Internet users about a new malicious worm known as the W32/Zafi-D. According to the antivirus and content security software provider, W32/Zafi-D behaves in a typical worm manner.",3,118813
380,"Will the Yankees Sign Randy Johnson? (New York -WABC, December 17, 2004) - The New York Yankees already are close to completing deals with starting pitchers Carl Pavano and Jaret Wright.",1,119126
381,"EBay Buying Rental Web Site for  #36;415M (AP) AP - In a diversification move, online auctioneer eBay Inc. is buying the privately held Rent.com, which specializes in Internet listings of apartment and house rentals, for about  #36;415 million in stock and cash.",3,119439
382,"Langer batting, Shoaib bowling AUSTRALIAN openers Matthew Hayden and Justin Langer have made a good start on day three of the first cricket Test against Pakistan at the WACA Ground.",1,119752
