label,text,new_column
4,"dr. goldberg offers everything i look for in a general practitioner.  he's nice and easy to talk to without being patronizing; he's always on time in seeing his patients; he's affiliated with a top-notch hospital (nyu) which my parents have explained to me is very important in case something happens and you need surgery; and you can get referrals to see specialists without having to see him first.  really, what more do you need?  i'm sitting here trying to think of any complaints i have about him, but i'm really drawing a blank.",health
1,"Unfortunately, the frustration of being Dr. Goldberg's patient is a repeat of the experience I've had with so many other doctors in NYC -- good doctor, terrible staff.  It seems that his staff simply never answers the phone.  It usually takes 2 hours of repeated calling to get an answer.  Who has time for that or wants to deal with it?  I have run into this problem with many other doctors and I just don't get it.  You have office workers, you have patients with medical needs, why isn't anyone answering the phone?  It's incomprehensible and not work the aggravation.  It's with regret that I feel that I have to give Dr. Goldberg 2 stars.",health
3,"Been going to Dr. Goldberg for over 10 years. I think I was one of his 1st patients when he started at MHMG. He's been great over the years and is really all about the big picture. It is because of him, not my now former gyn Dr. Markoff, that I found out I have fibroids. He explores all options with you and is very patient and understanding. He doesn't judge and asks all the right questions. Very thorough and wants to be kept in the loop on every aspect of your medical health and your life.",health
3,Got a letter in the mail last week that said Dr. Goldberg is moving to Arizona to take a new position there in June.  He will be missed very much.  \n\nI think finding a new doctor in NYC that you actually like might almost be as awful as trying to find a date!,health
0,"I don't know what Dr. Goldberg was like before  moving to Arizona, but let me tell you, STAY AWAY from this doctor and this office. I was going to Dr. Johnson before he left and Goldberg took over when Johnson left. He is not a caring doctor. He is only interested in the co-pay and having you come in for medication refills every month. He will not give refills and could less about patients's financial situations. Trying to get your 90 days mail away pharmacy prescriptions through this guy is a joke. And to make matters even worse, his office staff is incompetent. 90% of the time when you call the office, they'll put you through to a voice mail, that NO ONE ever answers or returns your call. Both my adult children and husband have decided to leave this practice after experiencing such frustration. The entire office has an attitude like they are doing you a favor. Give me a break! Stay away from this doc and the practice. You deserve better and they will not be there when you really need them. I have never felt compelled to write a bad review about anyone until I met this pathetic excuse for a doctor who is all about the money.",health
4,Top notch doctor in a top notch practice. Can't say I am surprised when I was referred to him by another doctor who I think is wonderful and because he went to one of the best medical schools in the country. \nIt is really easy to get an appointment. There is minimal wait to be seen and his bedside manner is great.,health
4,"Dr. Eric Goldberg is a fantastic doctor who has correctly diagnosed every issue that my wife and I have had. Unlike many of my past doctors, Dr. Goldberg is very accessible and we have been able to schedule appointments with him and his staff very quickly. We are happy to have him in the neighborhood and look forward to being his patients for many years to come.",health
0,"I'm writing this review to give you a heads up before you see this Doctor. The office staff and administration are very unprofessional. I left a message with multiple people regarding my bill, and no one ever called me back. I had to hound them to get an answer about my bill. \n\nSecond, and most important, make sure your insurance is going to cover Dr. Goldberg's visits and blood work. He recommended to me that I get a physical, and he knew I was a student because I told him. I got the physical done. Later, I found out my health insurance doesn't pay for preventative visits. I received an $800.00 bill for the blood work. I can't pay for my bill because I'm a student and don't have any cash flow at this current time. I can't believe the Doctor wouldn't give me a heads up to make sure my insurance would cover work that wasn't necessary and was strictly preventative. The office can't do anything to help me cover the bill. In addition, the office staff said the onus is on me to make sure my insurance covers visits. Frustrating situation!",health
1,"Wing sauce is like water. Pretty much a lot of butter and some hot sauce (franks red hot maybe).  The whole wings are good size and crispy, but for $1 a wing the sauce could be better. The hot and extra hot are about the same flavor/heat.  The fish sandwich is good and is a large portion, sides are decent.",food
2,"Decent range somewhat close to the city.  The mats are pretty solid; however, the grass range needs to be tended too.  It's like hitting out of US Open type rough...not very amenable to practicing.  Which kind of defeats the purpose of going to a golf range...Still gets 3 stars because the range is lit up at night which is excellent for those of us who are addicted to this amazing game, but are somewhat short on time (having a job kinda sucks sometimes, no?).",sports
0,"Owning a driving range inside the city limits is like a license to print money.  I don't think I ask much out of a driving range.  Decent mats, clean balls and accessible hours.  Hell you need even less people now with the advent of the machine that doles out the balls.  This place has none of them.  It is april and there are no grass tees yet.  BTW they opened for the season this week although it has been golfing weather for a month.  The mats look like the carpet at my 107 year old aunt Irene's house.  Worn and thread bare.  Let's talk about the hours.  This place is equipped with lights yet they only sell buckets of balls until 730.  It is still light out.  Finally lets you have the pit to hit into.  When I arrived I wasn't sure if this was a driving range or an excavation site for a mastodon or a strip mining operation.  There is no grass on the range. Just mud.  Makes it a good tool to figure out how far you actually are hitting the ball.  Oh, they are cash only also.\n\nBottom line, this place sucks.  The best hope is that the owner sells it to someone that actually wants to make money and service golfers in Pittsburgh.",sports
0,"This place is absolute garbage...  Half of the tees are not available, including all the grass tees.  It is cash only, and they sell the last bucket at 8, despite having lights.  And if you finish even a minute after 8, don't plan on getting a drink.  The vending machines are sold out (of course) and they sell drinks inside, but close the drawers at 8 on the dot.  There are weeds grown all over the place.  I noticed some sort of batting cage, but it looks like those are out of order as well.  Someone should buy this place and turn it into what it should be.",sports
3,"I drove by yesterday to get a sneak peak.  It re-opens on July 14th and I can't wait to take my kids.  The new range looks amazing.  The entire range appears to be turf, which may or many not help your game, but it looks really nice.  The tee boxes look state of the art and the club house looks like something you'll see on a newer course.  Can't wait to experience it!",sports
1,"After waiting for almost 30 minutes to trade in an old phone part of the buy back program, our customer service rep incorrectly processed the transaction. This led to us waiting another 30 minutes for him to correct it. Don't visit this store if you want pleasant or good service.",other
4,"This place was DELICIOUS!!  My parents saw a recommendation to visit this place from Rick Sebak's \""25 Things I Like About Pittsburgh\"" and he's usually pretty accurate.  His recommendations were to try the Reuben, Fish Sandwich and Open-Faced Steak Sandwich.  We went early afternoon for a late lunch today (a Saturday) and were seated right away.  The staff is extremely friendly.  My Mom & I each had the fish sandwich, while my Dad & Brother had a Reuben sandwich.  The fish was very good, but the Reuben was to die for!  Both dishes were massive, and could very easily be shared between two people.  On top of being extremely large portions, it was incredibly affordable.  The giant fish sandwich was $8 and the giant Reuben was $7.50.  Our drinks were always filled and we were checked on several times during the meal.  We will definitely be back!!!  Oh and a bit of advice ahead of time - they take CASH ONLY.  So come prepared, but I'm pretty sure I saw an ATM there as well.  And I do believe they are closed on Sundays & Mondays.",food
4,Can't miss stop for the best Fish Sandwich in Pittsburgh.,food
4,"This place should have a lot more reviews - but I'm glad it doesn't, they don't need to get any busier.\n\nIts been there ages, and looks it. If you're all about ambiance, don't bother. If you pretend you're in a movie set in Pittsburgh 30 years ago it works pretty well. The service is sometimes hit or miss. Most of girls are good, one is very slow, one is amazing. They are all friendly and usually a few different people will check in to make sure that you're happy. Everything is made fresh so be prepared that nothing comes flying out of that kitchen - busy times it can take a good while to get food. \n\nThe food is AWESOME! Worth any little complaints I might think up before it gets there. Once its on the table, I forget them all.\n\n-Fish Sandwiich\n-Salmon (huge and delicious)\n-Flounder\n-Shrimp a few ways (\""Norfolk\"" style is oily for my taste, and I never had it growing up in Norfolk.)\n-Hawkins St Special\n-Prime Rib (sized for two, watch it)\n\nThe prices are low, the portions are large, and just about everything on the menu  is delicious. I'm not one to pick a place because they give you a lot of food, but if you like a good value and don't want to compromise on taste, this place is a gem.",food
4,"Old school.....traditional \""mom 'n pop\"" quality and perfection. The best fish and chips you'll ever enjoy and equally superb fried shrimp. A great out of the way, non-corporate, vestige of Americana. You will love it.",food
4,Good fish sandwich.,food
4,"After a morning of Thrift Store hunting, a friend and I were thinking of lunch, and he suggested Emil's after he'd seen Chris Sebak do a bit on it and had tried it a time or two before, and I had not. He said they had a decent Reuben, but to be prepared to step back in time.\n\nWell, seeing as how I'm kind of addicted to late 40's and early 50's, and the whole Rat Pack scene, stepping back in time is a welcomed change in da burgh...as long as it doesn't involve 1979, which I can see all around me every day.\n\nAnd yet another shot at finding a decent Reuben in da burgh...well, that's like hunting the Holy Grail. So looking under one more bush certainly wouldn't hurt.\n\nSo off we go right at lunchtime in the middle of...where exactly were we? At first I thought we were lost, driving around a handful of very rather dismal looking blocks in what looked like a neighborhood that had been blighted by the building of a highway. And then...AHA! Here it is! And yep, there it was. This little unassuming building with an add-on entrance with what looked like a very old hand painted sign stating quite simply 'Emil's. \n\nWe walked in the front door, and entered another world. Another time, and another place. Oh, and any Big Burrito/Sousa foodies might as well stop reading now. I wouldn't want to see you walk in, roll your eyes and say 'Reaaaaaalllly?'\n\nThis is about as old world bar/lounge/restaurant as it gets. Plain, with a dark wood bar on one side, plain white walls with no yinzer pics, good sturdy chairs and actual white linens on the tables. This is the kind of neighborhood dive that I could see Frank and Dino pulling a few tables together for some poker, a fish sammich, and some cheap scotch. And THAT is exactly what I love.\n\nOh...but good food counts too. \n\nWe each had a Reuben, and my friend had a side of fries. The Reubens were decent, but not NY awesome. A little too thick on the bread, but overall, tasty and definitely filling. Not too skimpy on the meat. I seriously CRAVE a true, good NY Reuben, but since I can't afford to travel right now, what I find in da burgh will have to do. But as we sat and ate, burgers came out to an adjoining table. Those were some big thick burgers. A steak went past for the table behind us. That was HUGE! And when we asked about it, the waitress said 'Yeah, it's huge and really good, and he only charges $12.99 for it, ain't that nuts?' Another table of five came in, and wham. Fish sandwiches PILED with breaded fish that looked amazing. Yeah, I want that, that, that and THAT!\n\nMy friend also mentioned that they have a Chicken Parm special one day of the week that is only served UNTIL 4 pm, and that it is fantastic. If only I could GET there on that week day before 4...\n\nThe waitress did a good job, especially since there was quite a growing crowd at lunchtime on a Saturday, and only one of her. She kept up and was very friendly. \n\nThey only have Pepsi products, so I had a brewed iced tea, which was very fresh, and she did pop by to ask about refills as often as she could. As the lunch hour went on, they were getting busy.\n\nEmil's is no frills, good portions, very reasonable prices, VERY comfortable neighborhood hole in the wall...kind of like Cheers, but in a blue collar neighborhood in the 1950's. Fan-freakin-tastic! I could feel at home here.\n\nYou definitely want to hit Mapquest or plug in your GPS though. I am not sure that I could find it again on my own...it really is a hidden gem. I will be making my friend take me back until I can memorize where the heck it is.\n\nAddendum: 2nd visit for the fish sandwich. Excellent. Truly. A pound of fish on a fish-shaped bun (as opposed to da burgh's seemingly popular hamburger bun). The fish was flavorful, the batter excellent, and for just $8. This may have been the best fish sandwich I've yet to have in da burgh.",food
3,"A great townie bar with tasty food and an interesting clientele. I went to check this place out on the way home from the airport one Friday night and it didn't disappoint. It is refreshing to walk into a townie bar and not feel like the music stops and everyone in the place is staring at you - I'm guessing the mixed crowd of older hockey fans, young men in collared shirts, and thirtysomethings have probably seen it all during their time at this place. \n\nThe staff was top notch - the orders were somewhat overwhelming as they appeared short-staffed for the night, but my waitress tried to keep a positive attitude for my entire visit. The other waiter was wearing a hooded cardigan, and I wanted to steal it from him due to my difficulty in finding such a quality article of clothing.\n\nWe ordered a white pizza - large in size, engulfed in cheese, full of garlic flavor, flavorful hot sausage. An overall delicious pizza, aside from 2 things: 1, way too much grease (I know this comes with the territory, but still, it is sometimes unbearable); 2, CANNED MUSHROOMS - the worst thing to come out of a can. Ever. I would rather eat canned Alpo than canned mushrooms. And if the mushrooms weren't canned, they were just the worst mushrooms I've ever consumed. The mushroom debacle is enough to lower the review by an entire star - disgusting!\n\nMy advice for the place is keep everything awesome - random music from the jukebox, tasty food, great prices, good crowd and staff - and get some decent mushrooms; why they spoil an otherwise above average pie with such inferior crap, I'll never know.",food
2,"Good beer selection. Understaffed for a light Monday night crowd, it wasn't her fault she was the only server. But it took about an hour to get our sandwiches. Mine was one of the best reubens I've ever had.",food
1,Very disappointed in the customer service. We ordered Reuben's  and wanted coleslaw instead of kraut. They charged us $3.00 for the coleslaw. We will not be back . The iced tea is also terrible tasting.,food
4,"Let there be no question: Alexions owns the best cheeseburger in the region and they have now for decades. Try a burger on Italian bread. The service is flawlessly friendly, the food is amazing, and the wings? Oh the wings... but it's still about the cheeseburger. The atmosphere is inviting, but you can't eat atmosphere... so go right now. Grab the car keys... you know you're hungry for an amazing cheeseburger, maybe some wings, and a cold beer! Easily, hands down, the best bar and grill in Pittsburgh.",food
0,"Used to go there for tires, brakes, etc.  Their prices have gone way up-$400 for 4 mid-level tires for a Toyota.  Plus, 1 of the new tires went flat within 3 weeks.  Since they don\""t make appointments,  the wait to get the tire looked at was ~2 hours.  Sorry--can't wait that long to get a warranted repair,  They lost my business for good.",automotive
0,"Terrible. Preordered my tires and when I arrived they couldn't find the order anywhere. Once we got through that process I waited over 2 hours for them to be put on... I was originally told it would take 30 mins. Slow, over priced, I'll go elsewhere next time.",automotive
0,"Last summer I had an appointment to get new tires and had to wait a super long time. I also went in this week for them to fix a minor problem with a tire they put on. They \""fixed\"" it for free, and the very next morning I had the same issue. I called to complain, and the \""manager\"" didn't even apologize!!! So frustrated. Never going back.  They seem overpriced, too.",automotive
1,"I will start by saying we have a nice new deck. That is where the good part ends.\n\nWhy two stars if we have a nice deck now? Well, it all started in May when we had a man named Al come out and talk to us about the process. He was a true salesman, I'll tell you that. Not a straight shooter, but an excited salesman that wanted to sell... And we bought into it.\n\nHe told us they were backed up with the harsh winter and a lot of jobs, but they could probably start by June 24th. Mind you, this was the end of May we met with him. He said they would have to do a survey of our land and get a permit from Dormont before they started. We felt confident in going with them, and booked it.\n\nHere's where things fell apart. Weeks went by with no word from them on the process. Finally I called and left messages. Al finally got in touch with me and the conversation was utterly confusing. He must have not understood me because he just kept talking in circles. So I hung up not knowing what was going on. Finally I called back and the admin told me that the survey could take a couple weeks to come back. I wish Al would have told us that.\n\nSo our June 24th date came and went. We finally got our survey. And they were quick to bill us for it, but no word on where we were in the process. I called back a couple times with no real answers from the admin. Apparently they were now waiting for the permit from Dormont.\n\nA month later, I was frustrated and asked to speak with someone at the company. I spoke with someone who told me that Dormont usually takes a week to process the permit, but we were now going on a month. He told me he would bug the guy about it and we finally got it. \n\nI completely understand that waiting on the permit is not their fault, but why no communication about it? Just call me and tell me they're waiting for the permit, but they'll work towards asking Dormont what the hold up is. Seems simple.\n\nFinally we get the permit and work is supposed to start. Tuesday comes and they have to wait for approval from Dormont on holes they're digging. So holes are dug and equipment is put in my backyard and then nothing happens for two days. Where did everyone go? Who knows, because I wasn't informed! \n\nI was upset and contacted the company owner, Dave, by email. I told him how frustrated I was about the lack of communication. He wrote me two sentences that  said \""there will be acres there tomorrow morning to finish and most will be done tomorrow.\"" Well, that didn't happen.\n\nThen two other dudes show up two days later and did work for about three hours and left. The main guy comes back the next day and says they did it wrong. So apparently the part about how they wouldn't need access to my house changes to they're drilling bolts into my house to secure he deck. \n\nFinally, the second week into construction, my tiny 10x11 foot deck is done. It was upsetting that they left the deck dirty, and all the dirt and cement they moved around wasn't cleaned up. I even asked them to fill all the holes they dug up and didn't use, and they only filled up one. When you create a construction project, isn't it just good business to clean it up and make it look nice? Didn't happen here.\n\nMy main point is, contractors have a reputation for not being the most trustworthy. Why be that company? Why not be an upstanding company that consumers can trust? My main issues with them were that things were not communicated to me properly up front, nor was the ongoing process communicated to me. Then they left everything unfinished in my eyes, leaving the site dirty. I understand things happen and things get delayed, but just email or call me. It's not that hard to keep me updated, it is 2014 with a million ways to be contacted.\n\nEven though I have a nice deck (after I clean things up myself!), I would not recommend them to anyone.",home services
1,Hoofah.,other
3,I heart King's. I've always been a fan and this one was as good as my old one in Monaca.,other
1,Average run of the mill store.  Associates are young teens and they really don't know where anything is.  Luckily I am able to get around to find everything.  Found my puppy treats and moved on.,other
1,"Two meals, on the recommendation of a friend who lives near the place, and after the second trip, I was compelled to write. 'Rocky' would definitely describe the experiences.\n\nOn the first trip, I went to try their (at that time)raved about Reuben. And YET to find a true good Reuben in da burgh, I tried it.\n\nWell, they were out of the proper bread, and the guy had to run to the store to buy the closest thing he could find, which was not the proper bread, and instead of one of their 'raved about' Reubens, I received two mini-Reubens, which basically took the guts from one Reuben, and spread it out onto two sandwiches on regular sized bread. I ate it. It wasn't great, but they swore it was because they'd run out of the bread. Bread or not, it still wasn't great. The atmosphere was pleasant in that 'blue collar bar' kind of way, and the staff was very nice, but not a winning pitch on the Reuben.\n\nThe second trip was after a long day of moving furniture with the same friend. Sat in the back room, instead of the bar, which felt more like a restaurant, of course, with the big screen TV covering the sports of the moment.\n\nI was in the mood for dinner this time, and after a scan, decided on fried chicken and mashed potatoes with the salad bar. My friend ordered one of her faves, the breaded pork chops.\n\nWe hit the salad bar, which was uber-basic. Three soups (mostly vegetable loaded, which left me out), basic iceberg lettuce mix (very probably out of a bag), a few veggie toppings, and three or four dressings. It was a basic salad, no big deal. More or less an appetizer filler before the meal.\n\nThe mind-blower in this trip was the ordering of the fried chicken dinner. Our waiter looked like a 19 year old gas station attendant, skinny little blonde guy with a sweet but incredibly naive face, and an air of vapidity, which was confirmed when I placed my order. I asked what chicken pieces came in the dinner, and asked if it was possible to only get dark meat. I never imagined how confusing a question that could possibly be. It literally took him two trips back to the kitchen to 'ask', and the child honestly had no clue what 'white meat' and 'dark meat' meant. The first answer he came back with was that the chicken came in a pre-portioned prepared bag, kind of Kentucky Fried Chicken style...which didn't answer my question, thus prompting the second trip. \n\nAfter the second trip back I heard the cook holler 'Tell him I'll fix him up'. \n\nWell, the chicken was prepackaged dreck like you'd find in the freezer case of Walmart, tiny and not good, and the potatoes had that slight tinge of chem-spuds flavor, laden with some kind of chopped up green (parsley?), and a side of that basic brown gravy served up in 5 gallon buckets.\n\nThank goodness for the basic salad bar.\n\nEven my friend admitted that her pork chops were different and not what she'd expected. They also appeared to be from a freezer bag.\n\nThe irony was that the boy who didn't know white meat from dark meat, was chatting with some other customers...about baseball...and he was a genius about the mindless sport of baseball. Ahhhh da burgh.\n\nThird base? Nah...why bother when there are so many other options around. Go on in a grab a beer and chat black and gold if you happen to be in Carnegie...they can help you out all types of ways in that area. Just don't go hungry if you actually have tastebuds.\n\nFrom what I understand it 'used to be' really good homecooked food. But apparently, mama has left the kitchen.",food
3,"Rocky's has been in business since the 1980s and still going strong.  Their food is good.  Not haute cuisine, pretentious!  Everyday, well prepared and taste bud pleasing home style cooking.  I've mostly gone during supper hours and  and ate in the dining room, but, today I introduced an old friend to \""linner\"" in the bar.\nHe ordered the large version of fish sandwich.  Rocky's is famous for their fish.  Three large breaded and fried fish filets, bun and fries for under $10.  Needless to say, he had no complaints and brought home more than he ate.\nI ordered the meatball grill.  It was delish.  Served on thick cut Italian bread and made \""grilled cheese\"" (mozzarella) style.  Meatballs and tomato sauce are both good!  Also, served with fries.  I brought home half the sandwich.\nAnother good meal there.  Friends, mother, and former boss all enjoy their food!",food
2,"If you want a true understanding of Pittsburgh in the morning, come here. This greasy spoon is always packed, and is one of the better of its kind south of the city.\n\nThey serve waffles in halves, which is great. The eggs and toast are good, the homemade hot sausage is excellent. The drawback are the barely cooked potatoes.\n\nIf you're hungry, get \""The Mixed Grill\""... Gab and Eat's brand of the \""kitchen sink\"" breakfast that all Midwest places are about.",food
4,"Cheap, unpretentious, and, for this, one of my favorite breakfast joints in the country.  Simply put I LOVE it here.  The mixed grill, the sausage and egg on a biscuit, the home fries.  This it the very definition of diner.  Thank you Gab 'n' Eat!",food
3,"I miss this place. When I return home to pittsburgh this is always a must to ease myself into a saturday morning recovery after getting banged up on cheap south side cocktails the night before. When I think of pittsburgh, I remember cutting morning classes in highschool just to get after the best bacon egg and cheese i know of. Honestly i live in nyc where you can get a bacon egg and cheese on every single corner, and nowhere that i have been does it as well as this joint. Go here and you will be happy you did.",food
4,Love this place.  Never had a bad meal.  Good portions and great people.  Be ready to stand in line.,food
2,"OK, what is with all of these \""CASH ONLY\"" places in Pittsburgh? I can appreciate that some smaller businesses might have trouble installing a credit card system in their store/resturant, but could you perhaps provide an ATM?  In the past, this would deter me from eating at this place. \n\nLooking at a standard breakfast menu, I decided to go with a tuna melt instead. What I got was a cold tuna salad sandwich with a slice of cheese on toast. I had ordered a melt being in the mood for a warm meal, but to no avail. One day later I can't even remember what my side was. I suppose it didn't leave much of an impression on me.  I have to say that the dessert was really good! The cherry pecan pie! I have not seen this concoction anywhere else but this was awesome! The cherries were not the sweet canned variety, but a pie worthy tart topped with sugar. I think I want to make this pie with my parents next harvest of our cherry tree!\n\nMy first impression is \""Eh.\""  I am learning how crazy Pittsburghers are over breakfast! Seriously, waiting 30 minutes for a table at a tiny diner with a menu that reads as follows:  \n\n\""2 eggs and toast $x.xx\""\n\""2 eggs, meat, and toast $x.xx\""\n\""2 eggs and pancake $x.xx\""\n\nI'd rather go to a Denny's and order the \""create your own Grand Slam!\""",food
4,"BEST DINER IN THE COUNRTY!!! We've been to many famous diners across the country and we still give  Gab and Eat the best rating !! I was a little intimidated when I first walked in and there was like 2 pounds of butter just sitting on top of the homefires on the grill.  If you are looking for a healthy breakfast they probably can accomodate you, but Everything I ate was clearly the opposite of healthy.  After trying like every meal they have I would recommend the mix grill(half unless you are sharing) adding cajun seasoning with the texas toast.  Burgers are great too.\n\nIt's hard to find a place that makes a better breakfast than you could make by yourself at home, but this place does it.  The atmosphere is classy, old school Americana.",food
3,"Great breakfast, good price. You might have to stand outside in line though, so I don't really recommend winter time to go. lol. Very friendly service, interesting coffee mugs. They have great deserts and such also. Bring your cash though as they dont' take cards.",food
4,"I always love a good diner.  Gab and Eat was just what we were looking for on a Saturday morning.  Good food.  Great people. Pittsburgh ambiance. \n\nThis place is obviously a beloved neighborhood gem.  I had french toast and bacon.  The french toast was made with the best Italian bread.  My fiance had what they called a 'mixed grill.\""  It consisted of eggs, peppers, onions and home made sausage.  Not something you would eat everyday, but he loved it!   They also had great coffee.  They actually ground up the beans in front of us.  Now that's fresh.\n\nWe want to return sometime for \""turkey day.\""  Apparently they made fresh turkey every Tuesday.  Now that sounds good!\n\nCan't wait to return.",food
4,"I have been coming to Gab n Eat for almost 20 years and They have never let me down. I get a typical breakfast if eggs, ham, toast, and home fries. Delicious as usual. The ambience however is usually lacking. The walls are dark, with writing and signatures of semi famous people all over the place. Pictures of local people hang on the walls(i secretly want mine up there) along with posters galore. While its fun to look at the first 10 times, it gets a little boring after awhile. So today when I arrived I expected the same old experience. Wow was I wrong! As soon as I looked at the door I knew something was different. The place seemed lighter and brighter. To my pleasant surprise, they painted and got new counter tops!! They're not quite done yet but the place has a new Happy vibe to it. The awesome breakfast, the new decor and the 5 guys sitting at the counter making me laugh are why I will be back( maybe for lunch).",food
4,"What a find! I stopped in here for breakfast while in town for business. The service is so friendly I thought I was down south. The service was quick, frankly and felt like I was with family. \nFantastic poached eggs, Cajun homefries and crispy bacon. Gab and Eat is definitely a place I world recommend to locals. I was stuffed and the bill was only $8.00.",food
4,Great little place. Treats you like a local.Eaten here 3 times a week for a month.  Same overtime. Barb is always here.,food
1,"My first time going to Barb's Country Junction and I really wanted to like this place, I really did...however, I didn't.\n\nThe food was decent, some was above average and some below but it was overall decent. I got pancakes, bacon and eggs. The pancakes were really good and fluffy, the home fries were simply okay and the eggs were not cooked well. My son had a burger and it was good. The coffee at this place was brewed to perfection which a appreciate. I would give the food 3/5.\n\nThe service was subpar for sure. While our waitress was a really nice girl, she wasn't on top of anything at all. Had to ask for coffee refills, had to ask for silverware, for napkins...etc. She got the order messed up and so on. I give the service 2/5.\n\nThe inside of the place had some country charm as you'd expect but want particularly cleanly. It also had a leaky roof in several places which had buckets collecting the water. A customer even tripped over the buckets and fell. I give the interior 2/5.\n\nThe prices were decent. I fed my whole family breakfast (3 of us) for $23. I give the prices 3/5.\n\nSo in summary, you can get okay food here for a rather cheap price but it is not a great place to dine in by any means. There are better diners in the area that I will patronize in the future rather than Barb's.",food
2,"My husband and I tried this place for the first time today. It was easy to find and no problems with parking. It's \""Seat Yourself\"", but there were no signs stating this, so we stood there looking like fools for a minute. It took awhile for the waitress to acknowledge us and I'm guessing that this was Barb. She apologized and said that one of her workers called off today. No big deal and her apology was appreciated. She came back with our drinks, dropped them off, and left again. We didn't see her for another 20 minutes. Ultimately, we were there for 30 minutes before she took our order. This was aggravating to me. I don't mind waiting for my food if I know it's going to be awesome and they're making it with love, but come on now. We ordered the hot pepper omelette/home fries/ toast and chocolate chip pancakes/sausage. The food was alright, really nothing special. A new waitress ended up taking care of us and she was much more attentive. We may or may not go back.",food
4,Tonya is super sweet and the front desk people are very helpful,food
0,"If I could give this place less than one star, I would. I have no idea who gave this place high reviews but they must either own the place or be time travelers from back in the day when this place might not have sucked. The decor is tired and grimy, the place reeked of smoke, and the bartender/server was surly, to put it mildly. We went there on a Saturday night with a mind to try the Irish food. Apparently, we were out of luck. I've always thought that the secrets of restaurant success is to actually stock food for people to eat. He told us before we ordered that they had no \""pies\"". No chicken pot pie, no shepherds pie, etc. So, we gamely tried to order other things. We placed our order. My wife, for example, ordered the Irish stew and he came back 5 min later telling us they were out of that and even more things for several people in our party. At that point my wife picked out a third option, ham and cabbage, only to be told again that \""they were out\"". At that point, realizing that the only food to be had in the place was what was crusted on the menus, we asked to pay for our drinks and left. They actually then gave us flack for not having enough to put it on a debit card. In short, unless you like your dinner with a side of disappointment and depression, I'd probably avoid this place like the plague. Speaking of the plague, I suppose we should thank Mr. Surly for inspiring us to walk out. I only have two bathrooms at my house and would've been hard pressed to accommodate several violently ill people at once.",other
3,"Best Irish food in the Burgh.  Great bar food too.  The service is maybe a bit surly and it's not the cleanest, nor the best decor.  But, that's not what this place is about.  It's a town Irish bar and it serves great solid Irish fare and suds to the locals.  And it does it better than anyone.  I go back again and again.",food
1,"Okay, so hopefully you haven't been enjoying happy hour @ Riley's Pour House before you read this or you might not be able to follow the lilting Irish owners. \n\nTo recap: Murphy's Pour House from 1979-1985. Sullivan's Pour House from 1995-2002. Paddy's Pour House from 2002-2012. And, bagpipe please, Riley's Pour House opens March 1 of 2012. Still with me?\n\nIt's a tiny long bar just like the old Irish pubs. No more smoking allowed. Hurrah!!!  Same lousy service. \n\nMy guess is that the entire place needs (no, strike that .... demands) an automated food/beverage ticketing system. None of the cooks, bartenders, or waitresses know who ordered what nor what ticket belongs to which table. It's actually pretty funny if you're not a) hungry or b) thirsty. \n\nI really really want this place to do better. We need more Irish pubs and local old time watering holes. \n\nGet it together, Murphy's ... er, I mean Sullivan's....er, I mean Paddy's or is it Riley's? ;  ).  Whatever the case, they have cold Guinness. And Irish music.  And fun patrons.",other
